[2026-08-12T04:31:28.182+0000] {processor.py:186} INFO - Started process (PID=75) to work on /home/airflow/.local/lib/python3.12/site-packages/airflow/example_dags/example_datasets.py
[2026-08-12T04:31:28.184+0000] {processor.py:914} INFO - Processing file /home/airflow/.local/lib/python3.12/site-packages/airflow/example_dags/example_datasets.py for tasks to queue
[2026-08-12T04:31:28.188+0000] {logging_mixin.py:190} INFO - [2026-08-12T04:31:28.188+0000] {dagbag.py:587} INFO - Filling up the DagBag from /home/airflow/.local/lib/python3.12/site-packages/airflow/example_dags/example_datasets.py
[2026-08-12T04:31:29.018+0000] {processor.py:925} INFO - DAG(s) 'consume_1_and_2_with_dataset_expressions', 'dataset_consumes_1_and_2', 'dataset_consumes_unknown_never_scheduled', 'dataset_produces_2', 'conditional_dataset_and_time_based_timetable', 'consume_1_or_both_2_and_3_with_dataset_expressions', 'consume_1_or_2_with_dataset_expressions', 'dataset_consumes_1_never_scheduled', 'dataset_consumes_1', 'dataset_produces_1' retrieved from /home/airflow/.local/lib/python3.12/site-packages/airflow/example_dags/example_datasets.py
[2026-08-12T04:31:29.170+0000] {logging_mixin.py:190} INFO - [2026-08-12T04:31:29.169+0000] {override.py:1858} INFO - Created Permission View: can read on DAG:consume_1_and_2_with_dataset_expressions
[2026-08-12T04:31:29.189+0000] {logging_mixin.py:190} INFO - [2026-08-12T04:31:29.188+0000] {override.py:1858} INFO - Created Permission View: can edit on DAG:consume_1_and_2_with_dataset_expressions
[2026-08-12T04:31:29.202+0000] {logging_mixin.py:190} INFO - [2026-08-12T04:31:29.202+0000] {override.py:1858} INFO - Created Permission View: can delete on DAG:consume_1_and_2_with_dataset_expressions
[2026-08-12T04:31:29.226+0000] {logging_mixin.py:190} INFO - [2026-08-12T04:31:29.226+0000] {override.py:1858} INFO - Created Permission View: can read on DAG:dataset_consumes_1_and_2
[2026-08-12T04:31:29.238+0000] {logging_mixin.py:190} INFO - [2026-08-12T04:31:29.237+0000] {override.py:1858} INFO - Created Permission View: can edit on DAG:dataset_consumes_1_and_2
[2026-08-12T04:31:29.249+0000] {logging_mixin.py:190} INFO - [2026-08-12T04:31:29.249+0000] {override.py:1858} INFO - Created Permission View: can delete on DAG:dataset_consumes_1_and_2
[2026-08-12T04:31:29.275+0000] {logging_mixin.py:190} INFO - [2026-08-12T04:31:29.275+0000] {override.py:1858} INFO - Created Permission View: can read on DAG:dataset_consumes_unknown_never_scheduled
[2026-08-12T04:31:29.290+0000] {logging_mixin.py:190} INFO - [2026-08-12T04:31:29.289+0000] {override.py:1858} INFO - Created Permission View: can edit on DAG:dataset_consumes_unknown_never_scheduled
[2026-08-12T04:31:29.314+0000] {logging_mixin.py:190} INFO - [2026-08-12T04:31:29.314+0000] {override.py:1858} INFO - Created Permission View: can delete on DAG:dataset_consumes_unknown_never_scheduled
[2026-08-12T04:31:29.358+0000] {logging_mixin.py:190} INFO - [2026-08-12T04:31:29.358+0000] {override.py:1858} INFO - Created Permission View: can read on DAG:dataset_produces_2
[2026-08-12T04:31:29.384+0000] {logging_mixin.py:190} INFO - [2026-08-12T04:31:29.383+0000] {override.py:1858} INFO - Created Permission View: can edit on DAG:dataset_produces_2
[2026-08-12T04:31:29.404+0000] {logging_mixin.py:190} INFO - [2026-08-12T04:31:29.402+0000] {override.py:1858} INFO - Created Permission View: can delete on DAG:dataset_produces_2
[2026-08-12T04:31:29.461+0000] {logging_mixin.py:190} INFO - [2026-08-12T04:31:29.460+0000] {override.py:1858} INFO - Created Permission View: can read on DAG:conditional_dataset_and_time_based_timetable
[2026-08-12T04:31:29.478+0000] {logging_mixin.py:190} INFO - [2026-08-12T04:31:29.477+0000] {override.py:1858} INFO - Created Permission View: can edit on DAG:conditional_dataset_and_time_based_timetable
[2026-08-12T04:31:29.528+0000] {logging_mixin.py:190} INFO - [2026-08-12T04:31:29.528+0000] {override.py:1858} INFO - Created Permission View: can delete on DAG:conditional_dataset_and_time_based_timetable
[2026-08-12T04:31:29.564+0000] {logging_mixin.py:190} INFO - [2026-08-12T04:31:29.564+0000] {override.py:1858} INFO - Created Permission View: can read on DAG:consume_1_or_both_2_and_3_with_dataset_expressions
[2026-08-12T04:31:29.581+0000] {logging_mixin.py:190} INFO - [2026-08-12T04:31:29.580+0000] {override.py:1858} INFO - Created Permission View: can edit on DAG:consume_1_or_both_2_and_3_with_dataset_expressions
[2026-08-12T04:31:29.598+0000] {logging_mixin.py:190} INFO - [2026-08-12T04:31:29.597+0000] {override.py:1858} INFO - Created Permission View: can delete on DAG:consume_1_or_both_2_and_3_with_dataset_expressions
[2026-08-12T04:31:29.628+0000] {logging_mixin.py:190} INFO - [2026-08-12T04:31:29.627+0000] {override.py:1858} INFO - Created Permission View: can read on DAG:consume_1_or_2_with_dataset_expressions
[2026-08-12T04:31:29.658+0000] {logging_mixin.py:190} INFO - [2026-08-12T04:31:29.657+0000] {override.py:1858} INFO - Created Permission View: can edit on DAG:consume_1_or_2_with_dataset_expressions
[2026-08-12T04:31:29.671+0000] {logging_mixin.py:190} INFO - [2026-08-12T04:31:29.671+0000] {override.py:1858} INFO - Created Permission View: can delete on DAG:consume_1_or_2_with_dataset_expressions
[2026-08-12T04:31:29.696+0000] {logging_mixin.py:190} INFO - [2026-08-12T04:31:29.696+0000] {override.py:1858} INFO - Created Permission View: can read on DAG:dataset_consumes_1_never_scheduled
[2026-08-12T04:31:29.724+0000] {logging_mixin.py:190} INFO - [2026-08-12T04:31:29.724+0000] {override.py:1858} INFO - Created Permission View: can edit on DAG:dataset_consumes_1_never_scheduled
[2026-08-12T04:31:29.739+0000] {logging_mixin.py:190} INFO - [2026-08-12T04:31:29.739+0000] {override.py:1858} INFO - Created Permission View: can delete on DAG:dataset_consumes_1_never_scheduled
[2026-08-12T04:31:29.774+0000] {logging_mixin.py:190} INFO - [2026-08-12T04:31:29.774+0000] {override.py:1858} INFO - Created Permission View: can read on DAG:dataset_consumes_1
[2026-08-12T04:31:29.787+0000] {logging_mixin.py:190} INFO - [2026-08-12T04:31:29.787+0000] {override.py:1858} INFO - Created Permission View: can edit on DAG:dataset_consumes_1
[2026-08-12T04:31:29.799+0000] {logging_mixin.py:190} INFO - [2026-08-12T04:31:29.799+0000] {override.py:1858} INFO - Created Permission View: can delete on DAG:dataset_consumes_1
[2026-08-12T04:31:29.822+0000] {logging_mixin.py:190} INFO - [2026-08-12T04:31:29.822+0000] {override.py:1858} INFO - Created Permission View: can read on DAG:dataset_produces_1
[2026-08-12T04:31:29.835+0000] {logging_mixin.py:190} INFO - [2026-08-12T04:31:29.835+0000] {override.py:1858} INFO - Created Permission View: can edit on DAG:dataset_produces_1
[2026-08-12T04:31:29.848+0000] {logging_mixin.py:190} INFO - [2026-08-12T04:31:29.848+0000] {override.py:1858} INFO - Created Permission View: can delete on DAG:dataset_produces_1
[2026-08-12T04:31:29.850+0000] {logging_mixin.py:190} INFO - [2026-08-12T04:31:29.850+0000] {dag.py:3211} INFO - Sync 10 DAGs
[2026-08-12T04:31:29.869+0000] {logging_mixin.py:190} INFO - [2026-08-12T04:31:29.868+0000] {dag.py:3234} INFO - Creating ORM DAG for dataset_consumes_1
[2026-08-12T04:31:29.871+0000] {logging_mixin.py:190} INFO - [2026-08-12T04:31:29.870+0000] {dag.py:3234} INFO - Creating ORM DAG for dataset_consumes_1_and_2
[2026-08-12T04:31:29.882+0000] {logging_mixin.py:190} INFO - [2026-08-12T04:31:29.877+0000] {dag.py:3234} INFO - Creating ORM DAG for conditional_dataset_and_time_based_timetable
[2026-08-12T04:31:29.888+0000] {logging_mixin.py:190} INFO - [2026-08-12T04:31:29.888+0000] {dag.py:3234} INFO - Creating ORM DAG for dataset_consumes_1_never_scheduled
[2026-08-12T04:31:29.890+0000] {logging_mixin.py:190} INFO - [2026-08-12T04:31:29.890+0000] {dag.py:3234} INFO - Creating ORM DAG for consume_1_and_2_with_dataset_expressions
[2026-08-12T04:31:29.892+0000] {logging_mixin.py:190} INFO - [2026-08-12T04:31:29.892+0000] {dag.py:3234} INFO - Creating ORM DAG for dataset_consumes_unknown_never_scheduled
[2026-08-12T04:31:29.894+0000] {logging_mixin.py:190} INFO - [2026-08-12T04:31:29.893+0000] {dag.py:3234} INFO - Creating ORM DAG for dataset_produces_2
[2026-08-12T04:31:29.895+0000] {logging_mixin.py:190} INFO - [2026-08-12T04:31:29.895+0000] {dag.py:3234} INFO - Creating ORM DAG for dataset_produces_1
[2026-08-12T04:31:29.897+0000] {logging_mixin.py:190} INFO - [2026-08-12T04:31:29.897+0000] {dag.py:3234} INFO - Creating ORM DAG for consume_1_or_2_with_dataset_expressions
[2026-08-12T04:31:29.899+0000] {logging_mixin.py:190} INFO - [2026-08-12T04:31:29.899+0000] {dag.py:3234} INFO - Creating ORM DAG for consume_1_or_both_2_and_3_with_dataset_expressions
[2026-08-12T04:31:29.917+0000] {logging_mixin.py:190} INFO - [2026-08-12T04:31:29.917+0000] {dag.py:4138} INFO - Setting next_dagrun for conditional_dataset_and_time_based_timetable to 2026-08-12 01:00:00+00:00, run_after=2026-08-12 01:00:00+00:00
[2026-08-12T04:31:29.929+0000] {logging_mixin.py:190} INFO - [2026-08-12T04:31:29.925+0000] {dag.py:4138} INFO - Setting next_dagrun for consume_1_and_2_with_dataset_expressions to None, run_after=None
[2026-08-12T04:31:29.933+0000] {logging_mixin.py:190} INFO - [2026-08-12T04:31:29.933+0000] {dag.py:4138} INFO - Setting next_dagrun for consume_1_or_2_with_dataset_expressions to None, run_after=None
[2026-08-12T04:31:29.935+0000] {logging_mixin.py:190} INFO - [2026-08-12T04:31:29.935+0000] {dag.py:4138} INFO - Setting next_dagrun for consume_1_or_both_2_and_3_with_dataset_expressions to None, run_after=None
[2026-08-12T04:31:29.936+0000] {logging_mixin.py:190} INFO - [2026-08-12T04:31:29.936+0000] {dag.py:4138} INFO - Setting next_dagrun for dataset_consumes_1 to None, run_after=None
[2026-08-12T04:31:29.938+0000] {logging_mixin.py:190} INFO - [2026-08-12T04:31:29.938+0000] {dag.py:4138} INFO - Setting next_dagrun for dataset_consumes_1_and_2 to None, run_after=None
[2026-08-12T04:31:29.944+0000] {logging_mixin.py:190} INFO - [2026-08-12T04:31:29.944+0000] {dag.py:4138} INFO - Setting next_dagrun for dataset_consumes_1_never_scheduled to None, run_after=None
[2026-08-12T04:31:29.946+0000] {logging_mixin.py:190} INFO - [2026-08-12T04:31:29.946+0000] {dag.py:4138} INFO - Setting next_dagrun for dataset_consumes_unknown_never_scheduled to None, run_after=None
[2026-08-12T04:31:29.949+0000] {logging_mixin.py:190} INFO - [2026-08-12T04:31:29.949+0000] {dag.py:4138} INFO - Setting next_dagrun for dataset_produces_1 to 2026-08-11 00:00:00+00:00, run_after=2026-08-12 00:00:00+00:00
[2026-08-12T04:31:29.951+0000] {logging_mixin.py:190} INFO - [2026-08-12T04:31:29.951+0000] {dag.py:4138} INFO - Setting next_dagrun for dataset_produces_2 to None, run_after=None
[2026-08-12T04:31:30.025+0000] {processor.py:208} INFO - Processing /home/airflow/.local/lib/python3.12/site-packages/airflow/example_dags/example_datasets.py took 1.852 seconds
[2026-08-12T04:32:00.771+0000] {processor.py:186} INFO - Started process (PID=140) to work on /home/airflow/.local/lib/python3.12/site-packages/airflow/example_dags/example_datasets.py
[2026-08-12T04:32:00.772+0000] {processor.py:914} INFO - Processing file /home/airflow/.local/lib/python3.12/site-packages/airflow/example_dags/example_datasets.py for tasks to queue
[2026-08-12T04:32:00.776+0000] {logging_mixin.py:190} INFO - [2026-08-12T04:32:00.775+0000] {dagbag.py:587} INFO - Filling up the DagBag from /home/airflow/.local/lib/python3.12/site-packages/airflow/example_dags/example_datasets.py
[2026-08-12T04:32:00.959+0000] {processor.py:925} INFO - DAG(s) 'dataset_produces_2', 'dataset_consumes_unknown_never_scheduled', 'dataset_consumes_1_never_scheduled', 'consume_1_or_2_with_dataset_expressions', 'dataset_produces_1', 'dataset_consumes_1_and_2', 'consume_1_or_both_2_and_3_with_dataset_expressions', 'dataset_consumes_1', 'consume_1_and_2_with_dataset_expressions', 'conditional_dataset_and_time_based_timetable' retrieved from /home/airflow/.local/lib/python3.12/site-packages/airflow/example_dags/example_datasets.py
[2026-08-12T04:32:01.021+0000] {logging_mixin.py:190} INFO - [2026-08-12T04:32:01.020+0000] {dag.py:3211} INFO - Sync 10 DAGs
[2026-08-12T04:32:01.051+0000] {logging_mixin.py:190} INFO - [2026-08-12T04:32:01.050+0000] {dag.py:4138} INFO - Setting next_dagrun for conditional_dataset_and_time_based_timetable to 2026-08-12 01:00:00+00:00, run_after=2026-08-12 01:00:00+00:00
[2026-08-12T04:32:01.056+0000] {logging_mixin.py:190} INFO - [2026-08-12T04:32:01.056+0000] {dag.py:4138} INFO - Setting next_dagrun for consume_1_and_2_with_dataset_expressions to None, run_after=None
[2026-08-12T04:32:01.058+0000] {logging_mixin.py:190} INFO - [2026-08-12T04:32:01.058+0000] {dag.py:4138} INFO - Setting next_dagrun for consume_1_or_2_with_dataset_expressions to None, run_after=None
[2026-08-12T04:32:01.060+0000] {logging_mixin.py:190} INFO - [2026-08-12T04:32:01.060+0000] {dag.py:4138} INFO - Setting next_dagrun for consume_1_or_both_2_and_3_with_dataset_expressions to None, run_after=None
[2026-08-12T04:32:01.063+0000] {logging_mixin.py:190} INFO - [2026-08-12T04:32:01.063+0000] {dag.py:4138} INFO - Setting next_dagrun for dataset_consumes_1 to None, run_after=None
[2026-08-12T04:32:01.065+0000] {logging_mixin.py:190} INFO - [2026-08-12T04:32:01.065+0000] {dag.py:4138} INFO - Setting next_dagrun for dataset_consumes_1_and_2 to None, run_after=None
[2026-08-12T04:32:01.067+0000] {logging_mixin.py:190} INFO - [2026-08-12T04:32:01.067+0000] {dag.py:4138} INFO - Setting next_dagrun for dataset_consumes_1_never_scheduled to None, run_after=None
[2026-08-12T04:32:01.069+0000] {logging_mixin.py:190} INFO - [2026-08-12T04:32:01.069+0000] {dag.py:4138} INFO - Setting next_dagrun for dataset_consumes_unknown_never_scheduled to None, run_after=None
[2026-08-12T04:32:01.072+0000] {logging_mixin.py:190} INFO - [2026-08-12T04:32:01.072+0000] {dag.py:4138} INFO - Setting next_dagrun for dataset_produces_1 to 2026-08-11 00:00:00+00:00, run_after=2026-08-12 00:00:00+00:00
[2026-08-12T04:32:01.075+0000] {logging_mixin.py:190} INFO - [2026-08-12T04:32:01.074+0000] {dag.py:4138} INFO - Setting next_dagrun for dataset_produces_2 to None, run_after=None
[2026-08-12T04:32:01.112+0000] {processor.py:208} INFO - Processing /home/airflow/.local/lib/python3.12/site-packages/airflow/example_dags/example_datasets.py took 0.350 seconds
[2026-08-12T04:33:18.311+0000] {processor.py:186} INFO - Started process (PID=62) to work on /home/airflow/.local/lib/python3.12/site-packages/airflow/example_dags/example_datasets.py
[2026-08-12T04:33:18.314+0000] {processor.py:914} INFO - Processing file /home/airflow/.local/lib/python3.12/site-packages/airflow/example_dags/example_datasets.py for tasks to queue
[2026-08-12T04:33:18.321+0000] {logging_mixin.py:190} INFO - [2026-08-12T04:33:18.320+0000] {dagbag.py:587} INFO - Filling up the DagBag from /home/airflow/.local/lib/python3.12/site-packages/airflow/example_dags/example_datasets.py
[2026-08-12T04:33:18.613+0000] {processor.py:925} INFO - DAG(s) 'consume_1_or_2_with_dataset_expressions', 'dataset_consumes_1', 'dataset_consumes_unknown_never_scheduled', 'dataset_produces_2', 'dataset_produces_1', 'consume_1_or_both_2_and_3_with_dataset_expressions', 'dataset_consumes_1_and_2', 'dataset_consumes_1_never_scheduled', 'conditional_dataset_and_time_based_timetable', 'consume_1_and_2_with_dataset_expressions' retrieved from /home/airflow/.local/lib/python3.12/site-packages/airflow/example_dags/example_datasets.py
[2026-08-12T04:33:18.701+0000] {logging_mixin.py:190} INFO - [2026-08-12T04:33:18.701+0000] {dag.py:3211} INFO - Sync 10 DAGs
[2026-08-12T04:33:18.748+0000] {logging_mixin.py:190} INFO - [2026-08-12T04:33:18.747+0000] {dag.py:4138} INFO - Setting next_dagrun for conditional_dataset_and_time_based_timetable to 2026-08-12 01:00:00+00:00, run_after=2026-08-12 01:00:00+00:00
[2026-08-12T04:33:18.758+0000] {logging_mixin.py:190} INFO - [2026-08-12T04:33:18.757+0000] {dag.py:4138} INFO - Setting next_dagrun for consume_1_and_2_with_dataset_expressions to None, run_after=None
[2026-08-12T04:33:18.762+0000] {logging_mixin.py:190} INFO - [2026-08-12T04:33:18.761+0000] {dag.py:4138} INFO - Setting next_dagrun for consume_1_or_2_with_dataset_expressions to None, run_after=None
[2026-08-12T04:33:18.765+0000] {logging_mixin.py:190} INFO - [2026-08-12T04:33:18.765+0000] {dag.py:4138} INFO - Setting next_dagrun for consume_1_or_both_2_and_3_with_dataset_expressions to None, run_after=None
[2026-08-12T04:33:18.769+0000] {logging_mixin.py:190} INFO - [2026-08-12T04:33:18.769+0000] {dag.py:4138} INFO - Setting next_dagrun for dataset_consumes_1 to None, run_after=None
[2026-08-12T04:33:18.774+0000] {logging_mixin.py:190} INFO - [2026-08-12T04:33:18.774+0000] {dag.py:4138} INFO - Setting next_dagrun for dataset_consumes_1_and_2 to None, run_after=None
[2026-08-12T04:33:18.777+0000] {logging_mixin.py:190} INFO - [2026-08-12T04:33:18.777+0000] {dag.py:4138} INFO - Setting next_dagrun for dataset_consumes_1_never_scheduled to None, run_after=None
[2026-08-12T04:33:18.781+0000] {logging_mixin.py:190} INFO - [2026-08-12T04:33:18.781+0000] {dag.py:4138} INFO - Setting next_dagrun for dataset_consumes_unknown_never_scheduled to None, run_after=None
[2026-08-12T04:33:18.787+0000] {logging_mixin.py:190} INFO - [2026-08-12T04:33:18.787+0000] {dag.py:4138} INFO - Setting next_dagrun for dataset_produces_1 to 2026-08-11 00:00:00+00:00, run_after=2026-08-12 00:00:00+00:00
[2026-08-12T04:33:18.790+0000] {logging_mixin.py:190} INFO - [2026-08-12T04:33:18.790+0000] {dag.py:4138} INFO - Setting next_dagrun for dataset_produces_2 to None, run_after=None
[2026-08-12T04:33:18.869+0000] {processor.py:208} INFO - Processing /home/airflow/.local/lib/python3.12/site-packages/airflow/example_dags/example_datasets.py took 0.576 seconds
[2026-08-12T04:33:48.938+0000] {processor.py:186} INFO - Started process (PID=125) to work on /home/airflow/.local/lib/python3.12/site-packages/airflow/example_dags/example_datasets.py
[2026-08-12T04:33:48.940+0000] {processor.py:914} INFO - Processing file /home/airflow/.local/lib/python3.12/site-packages/airflow/example_dags/example_datasets.py for tasks to queue
[2026-08-12T04:33:48.943+0000] {logging_mixin.py:190} INFO - [2026-08-12T04:33:48.943+0000] {dagbag.py:587} INFO - Filling up the DagBag from /home/airflow/.local/lib/python3.12/site-packages/airflow/example_dags/example_datasets.py
[2026-08-12T04:33:49.096+0000] {processor.py:925} INFO - DAG(s) 'consume_1_or_2_with_dataset_expressions', 'dataset_produces_2', 'dataset_consumes_unknown_never_scheduled', 'consume_1_and_2_with_dataset_expressions', 'dataset_consumes_1_and_2', 'dataset_consumes_1', 'conditional_dataset_and_time_based_timetable', 'dataset_produces_1', 'consume_1_or_both_2_and_3_with_dataset_expressions', 'dataset_consumes_1_never_scheduled' retrieved from /home/airflow/.local/lib/python3.12/site-packages/airflow/example_dags/example_datasets.py
[2026-08-12T04:33:49.151+0000] {logging_mixin.py:190} INFO - [2026-08-12T04:33:49.151+0000] {dag.py:3211} INFO - Sync 10 DAGs
[2026-08-12T04:33:49.181+0000] {logging_mixin.py:190} INFO - [2026-08-12T04:33:49.181+0000] {dag.py:4138} INFO - Setting next_dagrun for conditional_dataset_and_time_based_timetable to 2026-08-12 01:00:00+00:00, run_after=2026-08-12 01:00:00+00:00
[2026-08-12T04:33:49.200+0000] {logging_mixin.py:190} INFO - [2026-08-12T04:33:49.199+0000] {dag.py:4138} INFO - Setting next_dagrun for consume_1_and_2_with_dataset_expressions to None, run_after=None
[2026-08-12T04:33:49.204+0000] {logging_mixin.py:190} INFO - [2026-08-12T04:33:49.203+0000] {dag.py:4138} INFO - Setting next_dagrun for consume_1_or_2_with_dataset_expressions to None, run_after=None
[2026-08-12T04:33:49.206+0000] {logging_mixin.py:190} INFO - [2026-08-12T04:33:49.206+0000] {dag.py:4138} INFO - Setting next_dagrun for consume_1_or_both_2_and_3_with_dataset_expressions to None, run_after=None
[2026-08-12T04:33:49.209+0000] {logging_mixin.py:190} INFO - [2026-08-12T04:33:49.209+0000] {dag.py:4138} INFO - Setting next_dagrun for dataset_consumes_1 to None, run_after=None
[2026-08-12T04:33:49.211+0000] {logging_mixin.py:190} INFO - [2026-08-12T04:33:49.211+0000] {dag.py:4138} INFO - Setting next_dagrun for dataset_consumes_1_and_2 to None, run_after=None
[2026-08-12T04:33:49.214+0000] {logging_mixin.py:190} INFO - [2026-08-12T04:33:49.213+0000] {dag.py:4138} INFO - Setting next_dagrun for dataset_consumes_1_never_scheduled to None, run_after=None
[2026-08-12T04:33:49.216+0000] {logging_mixin.py:190} INFO - [2026-08-12T04:33:49.216+0000] {dag.py:4138} INFO - Setting next_dagrun for dataset_consumes_unknown_never_scheduled to None, run_after=None
[2026-08-12T04:33:49.220+0000] {logging_mixin.py:190} INFO - [2026-08-12T04:33:49.220+0000] {dag.py:4138} INFO - Setting next_dagrun for dataset_produces_1 to 2026-08-11 00:00:00+00:00, run_after=2026-08-12 00:00:00+00:00
[2026-08-12T04:33:49.223+0000] {logging_mixin.py:190} INFO - [2026-08-12T04:33:49.222+0000] {dag.py:4138} INFO - Setting next_dagrun for dataset_produces_2 to None, run_after=None
[2026-08-12T04:33:49.275+0000] {processor.py:208} INFO - Processing /home/airflow/.local/lib/python3.12/site-packages/airflow/example_dags/example_datasets.py took 0.344 seconds
[2026-08-12T04:34:19.344+0000] {processor.py:186} INFO - Started process (PID=188) to work on /home/airflow/.local/lib/python3.12/site-packages/airflow/example_dags/example_datasets.py
[2026-08-12T04:34:19.346+0000] {processor.py:914} INFO - Processing file /home/airflow/.local/lib/python3.12/site-packages/airflow/example_dags/example_datasets.py for tasks to queue
[2026-08-12T04:34:19.349+0000] {logging_mixin.py:190} INFO - [2026-08-12T04:34:19.349+0000] {dagbag.py:587} INFO - Filling up the DagBag from /home/airflow/.local/lib/python3.12/site-packages/airflow/example_dags/example_datasets.py
[2026-08-12T04:34:19.533+0000] {processor.py:925} INFO - DAG(s) 'dataset_produces_2', 'consume_1_or_both_2_and_3_with_dataset_expressions', 'dataset_consumes_1_never_scheduled', 'dataset_consumes_1_and_2', 'dataset_produces_1', 'consume_1_or_2_with_dataset_expressions', 'consume_1_and_2_with_dataset_expressions', 'dataset_consumes_1', 'conditional_dataset_and_time_based_timetable', 'dataset_consumes_unknown_never_scheduled' retrieved from /home/airflow/.local/lib/python3.12/site-packages/airflow/example_dags/example_datasets.py
[2026-08-12T04:34:19.611+0000] {logging_mixin.py:190} INFO - [2026-08-12T04:34:19.611+0000] {dag.py:3211} INFO - Sync 10 DAGs
[2026-08-12T04:34:19.653+0000] {logging_mixin.py:190} INFO - [2026-08-12T04:34:19.653+0000] {dag.py:4138} INFO - Setting next_dagrun for conditional_dataset_and_time_based_timetable to 2026-08-12 01:00:00+00:00, run_after=2026-08-12 01:00:00+00:00
[2026-08-12T04:34:19.659+0000] {logging_mixin.py:190} INFO - [2026-08-12T04:34:19.659+0000] {dag.py:4138} INFO - Setting next_dagrun for consume_1_and_2_with_dataset_expressions to None, run_after=None
[2026-08-12T04:34:19.662+0000] {logging_mixin.py:190} INFO - [2026-08-12T04:34:19.661+0000] {dag.py:4138} INFO - Setting next_dagrun for consume_1_or_2_with_dataset_expressions to None, run_after=None
[2026-08-12T04:34:19.664+0000] {logging_mixin.py:190} INFO - [2026-08-12T04:34:19.664+0000] {dag.py:4138} INFO - Setting next_dagrun for consume_1_or_both_2_and_3_with_dataset_expressions to None, run_after=None
[2026-08-12T04:34:19.667+0000] {logging_mixin.py:190} INFO - [2026-08-12T04:34:19.666+0000] {dag.py:4138} INFO - Setting next_dagrun for dataset_consumes_1 to None, run_after=None
[2026-08-12T04:34:19.670+0000] {logging_mixin.py:190} INFO - [2026-08-12T04:34:19.669+0000] {dag.py:4138} INFO - Setting next_dagrun for dataset_consumes_1_and_2 to None, run_after=None
[2026-08-12T04:34:19.673+0000] {logging_mixin.py:190} INFO - [2026-08-12T04:34:19.672+0000] {dag.py:4138} INFO - Setting next_dagrun for dataset_consumes_1_never_scheduled to None, run_after=None
[2026-08-12T04:34:19.675+0000] {logging_mixin.py:190} INFO - [2026-08-12T04:34:19.675+0000] {dag.py:4138} INFO - Setting next_dagrun for dataset_consumes_unknown_never_scheduled to None, run_after=None
[2026-08-12T04:34:19.678+0000] {logging_mixin.py:190} INFO - [2026-08-12T04:34:19.678+0000] {dag.py:4138} INFO - Setting next_dagrun for dataset_produces_1 to 2026-08-11 00:00:00+00:00, run_after=2026-08-12 00:00:00+00:00
[2026-08-12T04:34:19.680+0000] {logging_mixin.py:190} INFO - [2026-08-12T04:34:19.680+0000] {dag.py:4138} INFO - Setting next_dagrun for dataset_produces_2 to None, run_after=None
[2026-08-12T04:34:19.733+0000] {processor.py:208} INFO - Processing /home/airflow/.local/lib/python3.12/site-packages/airflow/example_dags/example_datasets.py took 0.397 seconds
[2026-08-12T04:34:49.778+0000] {processor.py:186} INFO - Started process (PID=252) to work on /home/airflow/.local/lib/python3.12/site-packages/airflow/example_dags/example_datasets.py
[2026-08-12T04:34:49.779+0000] {processor.py:914} INFO - Processing file /home/airflow/.local/lib/python3.12/site-packages/airflow/example_dags/example_datasets.py for tasks to queue
[2026-08-12T04:34:49.782+0000] {logging_mixin.py:190} INFO - [2026-08-12T04:34:49.781+0000] {dagbag.py:587} INFO - Filling up the DagBag from /home/airflow/.local/lib/python3.12/site-packages/airflow/example_dags/example_datasets.py
[2026-08-12T04:34:49.902+0000] {processor.py:925} INFO - DAG(s) 'dataset_produces_2', 'consume_1_or_2_with_dataset_expressions', 'consume_1_and_2_with_dataset_expressions', 'dataset_consumes_1', 'dataset_consumes_1_and_2', 'dataset_consumes_unknown_never_scheduled', 'dataset_consumes_1_never_scheduled', 'conditional_dataset_and_time_based_timetable', 'consume_1_or_both_2_and_3_with_dataset_expressions', 'dataset_produces_1' retrieved from /home/airflow/.local/lib/python3.12/site-packages/airflow/example_dags/example_datasets.py
[2026-08-12T04:34:49.947+0000] {logging_mixin.py:190} INFO - [2026-08-12T04:34:49.946+0000] {dag.py:3211} INFO - Sync 10 DAGs
[2026-08-12T04:34:49.972+0000] {logging_mixin.py:190} INFO - [2026-08-12T04:34:49.971+0000] {dag.py:4138} INFO - Setting next_dagrun for conditional_dataset_and_time_based_timetable to 2026-08-12 01:00:00+00:00, run_after=2026-08-12 01:00:00+00:00
[2026-08-12T04:34:49.976+0000] {logging_mixin.py:190} INFO - [2026-08-12T04:34:49.976+0000] {dag.py:4138} INFO - Setting next_dagrun for consume_1_and_2_with_dataset_expressions to None, run_after=None
[2026-08-12T04:34:49.979+0000] {logging_mixin.py:190} INFO - [2026-08-12T04:34:49.978+0000] {dag.py:4138} INFO - Setting next_dagrun for consume_1_or_2_with_dataset_expressions to None, run_after=None
[2026-08-12T04:34:49.981+0000] {logging_mixin.py:190} INFO - [2026-08-12T04:34:49.981+0000] {dag.py:4138} INFO - Setting next_dagrun for consume_1_or_both_2_and_3_with_dataset_expressions to None, run_after=None
[2026-08-12T04:34:49.983+0000] {logging_mixin.py:190} INFO - [2026-08-12T04:34:49.983+0000] {dag.py:4138} INFO - Setting next_dagrun for dataset_consumes_1 to None, run_after=None
[2026-08-12T04:34:49.985+0000] {logging_mixin.py:190} INFO - [2026-08-12T04:34:49.985+0000] {dag.py:4138} INFO - Setting next_dagrun for dataset_consumes_1_and_2 to None, run_after=None
[2026-08-12T04:34:49.988+0000] {logging_mixin.py:190} INFO - [2026-08-12T04:34:49.987+0000] {dag.py:4138} INFO - Setting next_dagrun for dataset_consumes_1_never_scheduled to None, run_after=None
[2026-08-12T04:34:49.990+0000] {logging_mixin.py:190} INFO - [2026-08-12T04:34:49.990+0000] {dag.py:4138} INFO - Setting next_dagrun for dataset_consumes_unknown_never_scheduled to None, run_after=None
[2026-08-12T04:34:49.993+0000] {logging_mixin.py:190} INFO - [2026-08-12T04:34:49.993+0000] {dag.py:4138} INFO - Setting next_dagrun for dataset_produces_1 to 2026-08-11 00:00:00+00:00, run_after=2026-08-12 00:00:00+00:00
[2026-08-12T04:34:49.996+0000] {logging_mixin.py:190} INFO - [2026-08-12T04:34:49.995+0000] {dag.py:4138} INFO - Setting next_dagrun for dataset_produces_2 to None, run_after=None
[2026-08-12T04:34:50.029+0000] {processor.py:208} INFO - Processing /home/airflow/.local/lib/python3.12/site-packages/airflow/example_dags/example_datasets.py took 0.256 seconds
[2026-08-12T04:35:20.098+0000] {processor.py:186} INFO - Started process (PID=313) to work on /home/airflow/.local/lib/python3.12/site-packages/airflow/example_dags/example_datasets.py
[2026-08-12T04:35:20.099+0000] {processor.py:914} INFO - Processing file /home/airflow/.local/lib/python3.12/site-packages/airflow/example_dags/example_datasets.py for tasks to queue
[2026-08-12T04:35:20.102+0000] {logging_mixin.py:190} INFO - [2026-08-12T04:35:20.102+0000] {dagbag.py:587} INFO - Filling up the DagBag from /home/airflow/.local/lib/python3.12/site-packages/airflow/example_dags/example_datasets.py
[2026-08-12T04:35:20.261+0000] {processor.py:925} INFO - DAG(s) 'consume_1_and_2_with_dataset_expressions', 'conditional_dataset_and_time_based_timetable', 'dataset_produces_1', 'dataset_consumes_1_never_scheduled', 'consume_1_or_both_2_and_3_with_dataset_expressions', 'dataset_consumes_unknown_never_scheduled', 'dataset_produces_2', 'dataset_consumes_1', 'consume_1_or_2_with_dataset_expressions', 'dataset_consumes_1_and_2' retrieved from /home/airflow/.local/lib/python3.12/site-packages/airflow/example_dags/example_datasets.py
[2026-08-12T04:35:20.318+0000] {logging_mixin.py:190} INFO - [2026-08-12T04:35:20.317+0000] {dag.py:3211} INFO - Sync 10 DAGs
[2026-08-12T04:35:20.352+0000] {logging_mixin.py:190} INFO - [2026-08-12T04:35:20.351+0000] {dag.py:4138} INFO - Setting next_dagrun for conditional_dataset_and_time_based_timetable to 2026-08-12 01:00:00+00:00, run_after=2026-08-12 01:00:00+00:00
[2026-08-12T04:35:20.356+0000] {logging_mixin.py:190} INFO - [2026-08-12T04:35:20.356+0000] {dag.py:4138} INFO - Setting next_dagrun for consume_1_and_2_with_dataset_expressions to None, run_after=None
[2026-08-12T04:35:20.359+0000] {logging_mixin.py:190} INFO - [2026-08-12T04:35:20.359+0000] {dag.py:4138} INFO - Setting next_dagrun for consume_1_or_2_with_dataset_expressions to None, run_after=None
[2026-08-12T04:35:20.361+0000] {logging_mixin.py:190} INFO - [2026-08-12T04:35:20.361+0000] {dag.py:4138} INFO - Setting next_dagrun for consume_1_or_both_2_and_3_with_dataset_expressions to None, run_after=None
[2026-08-12T04:35:20.363+0000] {logging_mixin.py:190} INFO - [2026-08-12T04:35:20.363+0000] {dag.py:4138} INFO - Setting next_dagrun for dataset_consumes_1 to None, run_after=None
[2026-08-12T04:35:20.366+0000] {logging_mixin.py:190} INFO - [2026-08-12T04:35:20.365+0000] {dag.py:4138} INFO - Setting next_dagrun for dataset_consumes_1_and_2 to None, run_after=None
[2026-08-12T04:35:20.368+0000] {logging_mixin.py:190} INFO - [2026-08-12T04:35:20.367+0000] {dag.py:4138} INFO - Setting next_dagrun for dataset_consumes_1_never_scheduled to None, run_after=None
[2026-08-12T04:35:20.370+0000] {logging_mixin.py:190} INFO - [2026-08-12T04:35:20.370+0000] {dag.py:4138} INFO - Setting next_dagrun for dataset_consumes_unknown_never_scheduled to None, run_after=None
[2026-08-12T04:35:20.373+0000] {logging_mixin.py:190} INFO - [2026-08-12T04:35:20.372+0000] {dag.py:4138} INFO - Setting next_dagrun for dataset_produces_1 to 2026-08-11 00:00:00+00:00, run_after=2026-08-12 00:00:00+00:00
[2026-08-12T04:35:20.375+0000] {logging_mixin.py:190} INFO - [2026-08-12T04:35:20.375+0000] {dag.py:4138} INFO - Setting next_dagrun for dataset_produces_2 to None, run_after=None
[2026-08-12T04:35:20.428+0000] {processor.py:208} INFO - Processing /home/airflow/.local/lib/python3.12/site-packages/airflow/example_dags/example_datasets.py took 0.335 seconds
[2026-08-12T04:35:50.699+0000] {processor.py:186} INFO - Started process (PID=376) to work on /home/airflow/.local/lib/python3.12/site-packages/airflow/example_dags/example_datasets.py
[2026-08-12T04:35:50.700+0000] {processor.py:914} INFO - Processing file /home/airflow/.local/lib/python3.12/site-packages/airflow/example_dags/example_datasets.py for tasks to queue
[2026-08-12T04:35:50.703+0000] {logging_mixin.py:190} INFO - [2026-08-12T04:35:50.703+0000] {dagbag.py:587} INFO - Filling up the DagBag from /home/airflow/.local/lib/python3.12/site-packages/airflow/example_dags/example_datasets.py
[2026-08-12T04:35:50.862+0000] {processor.py:925} INFO - DAG(s) 'consume_1_or_2_with_dataset_expressions', 'conditional_dataset_and_time_based_timetable', 'consume_1_or_both_2_and_3_with_dataset_expressions', 'dataset_consumes_1_never_scheduled', 'dataset_produces_2', 'dataset_consumes_1', 'dataset_consumes_unknown_never_scheduled', 'dataset_consumes_1_and_2', 'dataset_produces_1', 'consume_1_and_2_with_dataset_expressions' retrieved from /home/airflow/.local/lib/python3.12/site-packages/airflow/example_dags/example_datasets.py
[2026-08-12T04:35:50.908+0000] {logging_mixin.py:190} INFO - [2026-08-12T04:35:50.907+0000] {dag.py:3211} INFO - Sync 10 DAGs
[2026-08-12T04:35:50.936+0000] {logging_mixin.py:190} INFO - [2026-08-12T04:35:50.936+0000] {dag.py:4138} INFO - Setting next_dagrun for conditional_dataset_and_time_based_timetable to 2026-08-12 01:00:00+00:00, run_after=2026-08-12 01:00:00+00:00
[2026-08-12T04:35:50.941+0000] {logging_mixin.py:190} INFO - [2026-08-12T04:35:50.940+0000] {dag.py:4138} INFO - Setting next_dagrun for consume_1_and_2_with_dataset_expressions to None, run_after=None
[2026-08-12T04:35:50.943+0000] {logging_mixin.py:190} INFO - [2026-08-12T04:35:50.943+0000] {dag.py:4138} INFO - Setting next_dagrun for consume_1_or_2_with_dataset_expressions to None, run_after=None
[2026-08-12T04:35:50.945+0000] {logging_mixin.py:190} INFO - [2026-08-12T04:35:50.945+0000] {dag.py:4138} INFO - Setting next_dagrun for consume_1_or_both_2_and_3_with_dataset_expressions to None, run_after=None
[2026-08-12T04:35:50.948+0000] {logging_mixin.py:190} INFO - [2026-08-12T04:35:50.947+0000] {dag.py:4138} INFO - Setting next_dagrun for dataset_consumes_1 to None, run_after=None
[2026-08-12T04:35:50.950+0000] {logging_mixin.py:190} INFO - [2026-08-12T04:35:50.950+0000] {dag.py:4138} INFO - Setting next_dagrun for dataset_consumes_1_and_2 to None, run_after=None
[2026-08-12T04:35:50.952+0000] {logging_mixin.py:190} INFO - [2026-08-12T04:35:50.952+0000] {dag.py:4138} INFO - Setting next_dagrun for dataset_consumes_1_never_scheduled to None, run_after=None
[2026-08-12T04:35:50.954+0000] {logging_mixin.py:190} INFO - [2026-08-12T04:35:50.954+0000] {dag.py:4138} INFO - Setting next_dagrun for dataset_consumes_unknown_never_scheduled to None, run_after=None
[2026-08-12T04:35:50.957+0000] {logging_mixin.py:190} INFO - [2026-08-12T04:35:50.957+0000] {dag.py:4138} INFO - Setting next_dagrun for dataset_produces_1 to 2026-08-11 00:00:00+00:00, run_after=2026-08-12 00:00:00+00:00
[2026-08-12T04:35:50.959+0000] {logging_mixin.py:190} INFO - [2026-08-12T04:35:50.959+0000] {dag.py:4138} INFO - Setting next_dagrun for dataset_produces_2 to None, run_after=None
[2026-08-12T04:35:50.996+0000] {processor.py:208} INFO - Processing /home/airflow/.local/lib/python3.12/site-packages/airflow/example_dags/example_datasets.py took 0.302 seconds
[2026-08-12T04:36:21.072+0000] {processor.py:186} INFO - Started process (PID=436) to work on /home/airflow/.local/lib/python3.12/site-packages/airflow/example_dags/example_datasets.py
[2026-08-12T04:36:21.074+0000] {processor.py:914} INFO - Processing file /home/airflow/.local/lib/python3.12/site-packages/airflow/example_dags/example_datasets.py for tasks to queue
[2026-08-12T04:36:21.077+0000] {logging_mixin.py:190} INFO - [2026-08-12T04:36:21.077+0000] {dagbag.py:587} INFO - Filling up the DagBag from /home/airflow/.local/lib/python3.12/site-packages/airflow/example_dags/example_datasets.py
[2026-08-12T04:36:21.250+0000] {processor.py:925} INFO - DAG(s) 'dataset_consumes_1', 'consume_1_or_both_2_and_3_with_dataset_expressions', 'dataset_consumes_1_and_2', 'dataset_produces_1', 'consume_1_or_2_with_dataset_expressions', 'dataset_consumes_1_never_scheduled', 'conditional_dataset_and_time_based_timetable', 'consume_1_and_2_with_dataset_expressions', 'dataset_consumes_unknown_never_scheduled', 'dataset_produces_2' retrieved from /home/airflow/.local/lib/python3.12/site-packages/airflow/example_dags/example_datasets.py
[2026-08-12T04:36:21.296+0000] {logging_mixin.py:190} INFO - [2026-08-12T04:36:21.296+0000] {dag.py:3211} INFO - Sync 10 DAGs
[2026-08-12T04:36:21.322+0000] {logging_mixin.py:190} INFO - [2026-08-12T04:36:21.322+0000] {dag.py:4138} INFO - Setting next_dagrun for conditional_dataset_and_time_based_timetable to 2026-08-12 01:00:00+00:00, run_after=2026-08-12 01:00:00+00:00
[2026-08-12T04:36:21.327+0000] {logging_mixin.py:190} INFO - [2026-08-12T04:36:21.327+0000] {dag.py:4138} INFO - Setting next_dagrun for consume_1_and_2_with_dataset_expressions to None, run_after=None
[2026-08-12T04:36:21.330+0000] {logging_mixin.py:190} INFO - [2026-08-12T04:36:21.330+0000] {dag.py:4138} INFO - Setting next_dagrun for consume_1_or_2_with_dataset_expressions to None, run_after=None
[2026-08-12T04:36:21.332+0000] {logging_mixin.py:190} INFO - [2026-08-12T04:36:21.332+0000] {dag.py:4138} INFO - Setting next_dagrun for consume_1_or_both_2_and_3_with_dataset_expressions to None, run_after=None
[2026-08-12T04:36:21.335+0000] {logging_mixin.py:190} INFO - [2026-08-12T04:36:21.335+0000] {dag.py:4138} INFO - Setting next_dagrun for dataset_consumes_1 to None, run_after=None
[2026-08-12T04:36:21.337+0000] {logging_mixin.py:190} INFO - [2026-08-12T04:36:21.337+0000] {dag.py:4138} INFO - Setting next_dagrun for dataset_consumes_1_and_2 to None, run_after=None
[2026-08-12T04:36:21.340+0000] {logging_mixin.py:190} INFO - [2026-08-12T04:36:21.340+0000] {dag.py:4138} INFO - Setting next_dagrun for dataset_consumes_1_never_scheduled to None, run_after=None
[2026-08-12T04:36:21.342+0000] {logging_mixin.py:190} INFO - [2026-08-12T04:36:21.342+0000] {dag.py:4138} INFO - Setting next_dagrun for dataset_consumes_unknown_never_scheduled to None, run_after=None
[2026-08-12T04:36:21.345+0000] {logging_mixin.py:190} INFO - [2026-08-12T04:36:21.345+0000] {dag.py:4138} INFO - Setting next_dagrun for dataset_produces_1 to 2026-08-11 00:00:00+00:00, run_after=2026-08-12 00:00:00+00:00
[2026-08-12T04:36:21.347+0000] {logging_mixin.py:190} INFO - [2026-08-12T04:36:21.347+0000] {dag.py:4138} INFO - Setting next_dagrun for dataset_produces_2 to None, run_after=None
[2026-08-12T04:36:21.386+0000] {processor.py:208} INFO - Processing /home/airflow/.local/lib/python3.12/site-packages/airflow/example_dags/example_datasets.py took 0.319 seconds
[2026-08-12T04:36:51.573+0000] {processor.py:186} INFO - Started process (PID=498) to work on /home/airflow/.local/lib/python3.12/site-packages/airflow/example_dags/example_datasets.py
[2026-08-12T04:36:51.575+0000] {processor.py:914} INFO - Processing file /home/airflow/.local/lib/python3.12/site-packages/airflow/example_dags/example_datasets.py for tasks to queue
[2026-08-12T04:36:51.579+0000] {logging_mixin.py:190} INFO - [2026-08-12T04:36:51.578+0000] {dagbag.py:587} INFO - Filling up the DagBag from /home/airflow/.local/lib/python3.12/site-packages/airflow/example_dags/example_datasets.py
[2026-08-12T04:36:51.722+0000] {processor.py:925} INFO - DAG(s) 'consume_1_or_2_with_dataset_expressions', 'conditional_dataset_and_time_based_timetable', 'consume_1_or_both_2_and_3_with_dataset_expressions', 'dataset_consumes_1', 'dataset_consumes_unknown_never_scheduled', 'consume_1_and_2_with_dataset_expressions', 'dataset_consumes_1_never_scheduled', 'dataset_produces_2', 'dataset_consumes_1_and_2', 'dataset_produces_1' retrieved from /home/airflow/.local/lib/python3.12/site-packages/airflow/example_dags/example_datasets.py
[2026-08-12T04:36:51.770+0000] {logging_mixin.py:190} INFO - [2026-08-12T04:36:51.769+0000] {dag.py:3211} INFO - Sync 10 DAGs
[2026-08-12T04:36:51.798+0000] {logging_mixin.py:190} INFO - [2026-08-12T04:36:51.798+0000] {dag.py:4138} INFO - Setting next_dagrun for conditional_dataset_and_time_based_timetable to 2026-08-12 01:00:00+00:00, run_after=2026-08-12 01:00:00+00:00
[2026-08-12T04:36:51.802+0000] {logging_mixin.py:190} INFO - [2026-08-12T04:36:51.802+0000] {dag.py:4138} INFO - Setting next_dagrun for consume_1_and_2_with_dataset_expressions to None, run_after=None
[2026-08-12T04:36:51.805+0000] {logging_mixin.py:190} INFO - [2026-08-12T04:36:51.805+0000] {dag.py:4138} INFO - Setting next_dagrun for consume_1_or_2_with_dataset_expressions to None, run_after=None
[2026-08-12T04:36:51.807+0000] {logging_mixin.py:190} INFO - [2026-08-12T04:36:51.807+0000] {dag.py:4138} INFO - Setting next_dagrun for consume_1_or_both_2_and_3_with_dataset_expressions to None, run_after=None
[2026-08-12T04:36:51.809+0000] {logging_mixin.py:190} INFO - [2026-08-12T04:36:51.809+0000] {dag.py:4138} INFO - Setting next_dagrun for dataset_consumes_1 to None, run_after=None
[2026-08-12T04:36:51.811+0000] {logging_mixin.py:190} INFO - [2026-08-12T04:36:51.811+0000] {dag.py:4138} INFO - Setting next_dagrun for dataset_consumes_1_and_2 to None, run_after=None
[2026-08-12T04:36:51.813+0000] {logging_mixin.py:190} INFO - [2026-08-12T04:36:51.813+0000] {dag.py:4138} INFO - Setting next_dagrun for dataset_consumes_1_never_scheduled to None, run_after=None
[2026-08-12T04:36:51.816+0000] {logging_mixin.py:190} INFO - [2026-08-12T04:36:51.816+0000] {dag.py:4138} INFO - Setting next_dagrun for dataset_consumes_unknown_never_scheduled to None, run_after=None
[2026-08-12T04:36:51.819+0000] {logging_mixin.py:190} INFO - [2026-08-12T04:36:51.819+0000] {dag.py:4138} INFO - Setting next_dagrun for dataset_produces_1 to 2026-08-11 00:00:00+00:00, run_after=2026-08-12 00:00:00+00:00
[2026-08-12T04:36:51.821+0000] {logging_mixin.py:190} INFO - [2026-08-12T04:36:51.821+0000] {dag.py:4138} INFO - Setting next_dagrun for dataset_produces_2 to None, run_after=None
[2026-08-12T04:36:51.858+0000] {processor.py:208} INFO - Processing /home/airflow/.local/lib/python3.12/site-packages/airflow/example_dags/example_datasets.py took 0.291 seconds
[2026-08-12T04:37:22.022+0000] {processor.py:186} INFO - Started process (PID=560) to work on /home/airflow/.local/lib/python3.12/site-packages/airflow/example_dags/example_datasets.py
[2026-08-12T04:37:22.024+0000] {processor.py:914} INFO - Processing file /home/airflow/.local/lib/python3.12/site-packages/airflow/example_dags/example_datasets.py for tasks to queue
[2026-08-12T04:37:22.041+0000] {logging_mixin.py:190} INFO - [2026-08-12T04:37:22.041+0000] {dagbag.py:587} INFO - Filling up the DagBag from /home/airflow/.local/lib/python3.12/site-packages/airflow/example_dags/example_datasets.py
[2026-08-12T04:37:22.216+0000] {processor.py:925} INFO - DAG(s) 'consume_1_or_2_with_dataset_expressions', 'dataset_consumes_1_and_2', 'dataset_produces_2', 'consume_1_or_both_2_and_3_with_dataset_expressions', 'dataset_consumes_1', 'dataset_produces_1', 'conditional_dataset_and_time_based_timetable', 'dataset_consumes_1_never_scheduled', 'consume_1_and_2_with_dataset_expressions', 'dataset_consumes_unknown_never_scheduled' retrieved from /home/airflow/.local/lib/python3.12/site-packages/airflow/example_dags/example_datasets.py
[2026-08-12T04:37:22.274+0000] {logging_mixin.py:190} INFO - [2026-08-12T04:37:22.274+0000] {dag.py:3211} INFO - Sync 10 DAGs
[2026-08-12T04:37:22.313+0000] {logging_mixin.py:190} INFO - [2026-08-12T04:37:22.313+0000] {dag.py:4138} INFO - Setting next_dagrun for conditional_dataset_and_time_based_timetable to 2026-08-12 01:00:00+00:00, run_after=2026-08-12 01:00:00+00:00
[2026-08-12T04:37:22.320+0000] {logging_mixin.py:190} INFO - [2026-08-12T04:37:22.320+0000] {dag.py:4138} INFO - Setting next_dagrun for consume_1_and_2_with_dataset_expressions to None, run_after=None
[2026-08-12T04:37:22.322+0000] {logging_mixin.py:190} INFO - [2026-08-12T04:37:22.322+0000] {dag.py:4138} INFO - Setting next_dagrun for consume_1_or_2_with_dataset_expressions to None, run_after=None
[2026-08-12T04:37:22.324+0000] {logging_mixin.py:190} INFO - [2026-08-12T04:37:22.324+0000] {dag.py:4138} INFO - Setting next_dagrun for consume_1_or_both_2_and_3_with_dataset_expressions to None, run_after=None
[2026-08-12T04:37:22.326+0000] {logging_mixin.py:190} INFO - [2026-08-12T04:37:22.326+0000] {dag.py:4138} INFO - Setting next_dagrun for dataset_consumes_1 to None, run_after=None
[2026-08-12T04:37:22.328+0000] {logging_mixin.py:190} INFO - [2026-08-12T04:37:22.328+0000] {dag.py:4138} INFO - Setting next_dagrun for dataset_consumes_1_and_2 to None, run_after=None
[2026-08-12T04:37:22.330+0000] {logging_mixin.py:190} INFO - [2026-08-12T04:37:22.330+0000] {dag.py:4138} INFO - Setting next_dagrun for dataset_consumes_1_never_scheduled to None, run_after=None
[2026-08-12T04:37:22.333+0000] {logging_mixin.py:190} INFO - [2026-08-12T04:37:22.332+0000] {dag.py:4138} INFO - Setting next_dagrun for dataset_consumes_unknown_never_scheduled to None, run_after=None
[2026-08-12T04:37:22.336+0000] {logging_mixin.py:190} INFO - [2026-08-12T04:37:22.336+0000] {dag.py:4138} INFO - Setting next_dagrun for dataset_produces_1 to 2026-08-11 00:00:00+00:00, run_after=2026-08-12 00:00:00+00:00
[2026-08-12T04:37:22.338+0000] {logging_mixin.py:190} INFO - [2026-08-12T04:37:22.338+0000] {dag.py:4138} INFO - Setting next_dagrun for dataset_produces_2 to None, run_after=None
[2026-08-12T04:37:22.382+0000] {processor.py:208} INFO - Processing /home/airflow/.local/lib/python3.12/site-packages/airflow/example_dags/example_datasets.py took 0.367 seconds
[2026-08-12T04:37:52.816+0000] {processor.py:186} INFO - Started process (PID=623) to work on /home/airflow/.local/lib/python3.12/site-packages/airflow/example_dags/example_datasets.py
[2026-08-12T04:37:52.818+0000] {processor.py:914} INFO - Processing file /home/airflow/.local/lib/python3.12/site-packages/airflow/example_dags/example_datasets.py for tasks to queue
[2026-08-12T04:37:52.821+0000] {logging_mixin.py:190} INFO - [2026-08-12T04:37:52.821+0000] {dagbag.py:587} INFO - Filling up the DagBag from /home/airflow/.local/lib/python3.12/site-packages/airflow/example_dags/example_datasets.py
[2026-08-12T04:37:53.026+0000] {processor.py:925} INFO - DAG(s) 'dataset_consumes_1_never_scheduled', 'dataset_consumes_unknown_never_scheduled', 'dataset_consumes_1_and_2', 'consume_1_or_2_with_dataset_expressions', 'consume_1_or_both_2_and_3_with_dataset_expressions', 'dataset_produces_1', 'dataset_produces_2', 'dataset_consumes_1', 'conditional_dataset_and_time_based_timetable', 'consume_1_and_2_with_dataset_expressions' retrieved from /home/airflow/.local/lib/python3.12/site-packages/airflow/example_dags/example_datasets.py
[2026-08-12T04:37:53.100+0000] {logging_mixin.py:190} INFO - [2026-08-12T04:37:53.100+0000] {dag.py:3211} INFO - Sync 10 DAGs
[2026-08-12T04:37:53.135+0000] {logging_mixin.py:190} INFO - [2026-08-12T04:37:53.135+0000] {dag.py:4138} INFO - Setting next_dagrun for conditional_dataset_and_time_based_timetable to 2026-08-12 01:00:00+00:00, run_after=2026-08-12 01:00:00+00:00
[2026-08-12T04:37:53.140+0000] {logging_mixin.py:190} INFO - [2026-08-12T04:37:53.140+0000] {dag.py:4138} INFO - Setting next_dagrun for consume_1_and_2_with_dataset_expressions to None, run_after=None
[2026-08-12T04:37:53.142+0000] {logging_mixin.py:190} INFO - [2026-08-12T04:37:53.142+0000] {dag.py:4138} INFO - Setting next_dagrun for consume_1_or_2_with_dataset_expressions to None, run_after=None
[2026-08-12T04:37:53.145+0000] {logging_mixin.py:190} INFO - [2026-08-12T04:37:53.144+0000] {dag.py:4138} INFO - Setting next_dagrun for consume_1_or_both_2_and_3_with_dataset_expressions to None, run_after=None
[2026-08-12T04:37:53.148+0000] {logging_mixin.py:190} INFO - [2026-08-12T04:37:53.147+0000] {dag.py:4138} INFO - Setting next_dagrun for dataset_consumes_1 to None, run_after=None
[2026-08-12T04:37:53.151+0000] {logging_mixin.py:190} INFO - [2026-08-12T04:37:53.150+0000] {dag.py:4138} INFO - Setting next_dagrun for dataset_consumes_1_and_2 to None, run_after=None
[2026-08-12T04:37:53.153+0000] {logging_mixin.py:190} INFO - [2026-08-12T04:37:53.153+0000] {dag.py:4138} INFO - Setting next_dagrun for dataset_consumes_1_never_scheduled to None, run_after=None
[2026-08-12T04:37:53.155+0000] {logging_mixin.py:190} INFO - [2026-08-12T04:37:53.155+0000] {dag.py:4138} INFO - Setting next_dagrun for dataset_consumes_unknown_never_scheduled to None, run_after=None
[2026-08-12T04:37:53.158+0000] {logging_mixin.py:190} INFO - [2026-08-12T04:37:53.158+0000] {dag.py:4138} INFO - Setting next_dagrun for dataset_produces_1 to 2026-08-11 00:00:00+00:00, run_after=2026-08-12 00:00:00+00:00
[2026-08-12T04:37:53.160+0000] {logging_mixin.py:190} INFO - [2026-08-12T04:37:53.160+0000] {dag.py:4138} INFO - Setting next_dagrun for dataset_produces_2 to None, run_after=None
[2026-08-12T04:37:53.204+0000] {processor.py:208} INFO - Processing /home/airflow/.local/lib/python3.12/site-packages/airflow/example_dags/example_datasets.py took 0.396 seconds
[2026-08-12T04:38:23.741+0000] {processor.py:186} INFO - Started process (PID=683) to work on /home/airflow/.local/lib/python3.12/site-packages/airflow/example_dags/example_datasets.py
[2026-08-12T04:38:23.743+0000] {processor.py:914} INFO - Processing file /home/airflow/.local/lib/python3.12/site-packages/airflow/example_dags/example_datasets.py for tasks to queue
[2026-08-12T04:38:23.745+0000] {logging_mixin.py:190} INFO - [2026-08-12T04:38:23.745+0000] {dagbag.py:587} INFO - Filling up the DagBag from /home/airflow/.local/lib/python3.12/site-packages/airflow/example_dags/example_datasets.py
[2026-08-12T04:38:23.878+0000] {processor.py:925} INFO - DAG(s) 'dataset_consumes_unknown_never_scheduled', 'dataset_produces_1', 'consume_1_and_2_with_dataset_expressions', 'dataset_consumes_1_never_scheduled', 'consume_1_or_both_2_and_3_with_dataset_expressions', 'dataset_produces_2', 'dataset_consumes_1', 'dataset_consumes_1_and_2', 'consume_1_or_2_with_dataset_expressions', 'conditional_dataset_and_time_based_timetable' retrieved from /home/airflow/.local/lib/python3.12/site-packages/airflow/example_dags/example_datasets.py
[2026-08-12T04:38:23.921+0000] {logging_mixin.py:190} INFO - [2026-08-12T04:38:23.920+0000] {dag.py:3211} INFO - Sync 10 DAGs
[2026-08-12T04:38:23.945+0000] {logging_mixin.py:190} INFO - [2026-08-12T04:38:23.944+0000] {dag.py:4138} INFO - Setting next_dagrun for conditional_dataset_and_time_based_timetable to 2026-08-12 01:00:00+00:00, run_after=2026-08-12 01:00:00+00:00
[2026-08-12T04:38:23.949+0000] {logging_mixin.py:190} INFO - [2026-08-12T04:38:23.949+0000] {dag.py:4138} INFO - Setting next_dagrun for consume_1_and_2_with_dataset_expressions to None, run_after=None
[2026-08-12T04:38:23.952+0000] {logging_mixin.py:190} INFO - [2026-08-12T04:38:23.952+0000] {dag.py:4138} INFO - Setting next_dagrun for consume_1_or_2_with_dataset_expressions to None, run_after=None
[2026-08-12T04:38:23.955+0000] {logging_mixin.py:190} INFO - [2026-08-12T04:38:23.955+0000] {dag.py:4138} INFO - Setting next_dagrun for consume_1_or_both_2_and_3_with_dataset_expressions to None, run_after=None
[2026-08-12T04:38:23.957+0000] {logging_mixin.py:190} INFO - [2026-08-12T04:38:23.957+0000] {dag.py:4138} INFO - Setting next_dagrun for dataset_consumes_1 to None, run_after=None
[2026-08-12T04:38:23.959+0000] {logging_mixin.py:190} INFO - [2026-08-12T04:38:23.959+0000] {dag.py:4138} INFO - Setting next_dagrun for dataset_consumes_1_and_2 to None, run_after=None
[2026-08-12T04:38:23.961+0000] {logging_mixin.py:190} INFO - [2026-08-12T04:38:23.960+0000] {dag.py:4138} INFO - Setting next_dagrun for dataset_consumes_1_never_scheduled to None, run_after=None
[2026-08-12T04:38:23.963+0000] {logging_mixin.py:190} INFO - [2026-08-12T04:38:23.962+0000] {dag.py:4138} INFO - Setting next_dagrun for dataset_consumes_unknown_never_scheduled to None, run_after=None
[2026-08-12T04:38:23.966+0000] {logging_mixin.py:190} INFO - [2026-08-12T04:38:23.965+0000] {dag.py:4138} INFO - Setting next_dagrun for dataset_produces_1 to 2026-08-11 00:00:00+00:00, run_after=2026-08-12 00:00:00+00:00
[2026-08-12T04:38:23.968+0000] {logging_mixin.py:190} INFO - [2026-08-12T04:38:23.968+0000] {dag.py:4138} INFO - Setting next_dagrun for dataset_produces_2 to None, run_after=None
[2026-08-12T04:38:24.012+0000] {processor.py:208} INFO - Processing /home/airflow/.local/lib/python3.12/site-packages/airflow/example_dags/example_datasets.py took 0.276 seconds
[2026-08-12T04:38:54.121+0000] {processor.py:186} INFO - Started process (PID=745) to work on /home/airflow/.local/lib/python3.12/site-packages/airflow/example_dags/example_datasets.py
[2026-08-12T04:38:54.122+0000] {processor.py:914} INFO - Processing file /home/airflow/.local/lib/python3.12/site-packages/airflow/example_dags/example_datasets.py for tasks to queue
[2026-08-12T04:38:54.125+0000] {logging_mixin.py:190} INFO - [2026-08-12T04:38:54.125+0000] {dagbag.py:587} INFO - Filling up the DagBag from /home/airflow/.local/lib/python3.12/site-packages/airflow/example_dags/example_datasets.py
[2026-08-12T04:38:54.247+0000] {processor.py:925} INFO - DAG(s) 'conditional_dataset_and_time_based_timetable', 'dataset_consumes_unknown_never_scheduled', 'dataset_produces_1', 'consume_1_and_2_with_dataset_expressions', 'consume_1_or_both_2_and_3_with_dataset_expressions', 'consume_1_or_2_with_dataset_expressions', 'dataset_consumes_1_and_2', 'dataset_produces_2', 'dataset_consumes_1_never_scheduled', 'dataset_consumes_1' retrieved from /home/airflow/.local/lib/python3.12/site-packages/airflow/example_dags/example_datasets.py
[2026-08-12T04:38:54.293+0000] {logging_mixin.py:190} INFO - [2026-08-12T04:38:54.292+0000] {dag.py:3211} INFO - Sync 10 DAGs
[2026-08-12T04:38:54.317+0000] {logging_mixin.py:190} INFO - [2026-08-12T04:38:54.316+0000] {dag.py:4138} INFO - Setting next_dagrun for conditional_dataset_and_time_based_timetable to 2026-08-12 01:00:00+00:00, run_after=2026-08-12 01:00:00+00:00
[2026-08-12T04:38:54.321+0000] {logging_mixin.py:190} INFO - [2026-08-12T04:38:54.321+0000] {dag.py:4138} INFO - Setting next_dagrun for consume_1_and_2_with_dataset_expressions to None, run_after=None
[2026-08-12T04:38:54.324+0000] {logging_mixin.py:190} INFO - [2026-08-12T04:38:54.323+0000] {dag.py:4138} INFO - Setting next_dagrun for consume_1_or_2_with_dataset_expressions to None, run_after=None
[2026-08-12T04:38:54.326+0000] {logging_mixin.py:190} INFO - [2026-08-12T04:38:54.326+0000] {dag.py:4138} INFO - Setting next_dagrun for consume_1_or_both_2_and_3_with_dataset_expressions to None, run_after=None
[2026-08-12T04:38:54.328+0000] {logging_mixin.py:190} INFO - [2026-08-12T04:38:54.328+0000] {dag.py:4138} INFO - Setting next_dagrun for dataset_consumes_1 to None, run_after=None
[2026-08-12T04:38:54.330+0000] {logging_mixin.py:190} INFO - [2026-08-12T04:38:54.330+0000] {dag.py:4138} INFO - Setting next_dagrun for dataset_consumes_1_and_2 to None, run_after=None
[2026-08-12T04:38:54.332+0000] {logging_mixin.py:190} INFO - [2026-08-12T04:38:54.332+0000] {dag.py:4138} INFO - Setting next_dagrun for dataset_consumes_1_never_scheduled to None, run_after=None
[2026-08-12T04:38:54.335+0000] {logging_mixin.py:190} INFO - [2026-08-12T04:38:54.335+0000] {dag.py:4138} INFO - Setting next_dagrun for dataset_consumes_unknown_never_scheduled to None, run_after=None
[2026-08-12T04:38:54.339+0000] {logging_mixin.py:190} INFO - [2026-08-12T04:38:54.339+0000] {dag.py:4138} INFO - Setting next_dagrun for dataset_produces_1 to 2026-08-11 00:00:00+00:00, run_after=2026-08-12 00:00:00+00:00
[2026-08-12T04:38:54.341+0000] {logging_mixin.py:190} INFO - [2026-08-12T04:38:54.341+0000] {dag.py:4138} INFO - Setting next_dagrun for dataset_produces_2 to None, run_after=None
[2026-08-12T04:38:54.380+0000] {processor.py:208} INFO - Processing /home/airflow/.local/lib/python3.12/site-packages/airflow/example_dags/example_datasets.py took 0.265 seconds
[2026-08-12T04:39:24.666+0000] {processor.py:186} INFO - Started process (PID=807) to work on /home/airflow/.local/lib/python3.12/site-packages/airflow/example_dags/example_datasets.py
[2026-08-12T04:39:24.668+0000] {processor.py:914} INFO - Processing file /home/airflow/.local/lib/python3.12/site-packages/airflow/example_dags/example_datasets.py for tasks to queue
[2026-08-12T04:39:24.671+0000] {logging_mixin.py:190} INFO - [2026-08-12T04:39:24.671+0000] {dagbag.py:587} INFO - Filling up the DagBag from /home/airflow/.local/lib/python3.12/site-packages/airflow/example_dags/example_datasets.py
[2026-08-12T04:39:24.832+0000] {processor.py:925} INFO - DAG(s) 'consume_1_or_both_2_and_3_with_dataset_expressions', 'dataset_consumes_1_never_scheduled', 'consume_1_or_2_with_dataset_expressions', 'dataset_consumes_1', 'dataset_produces_1', 'dataset_produces_2', 'dataset_consumes_1_and_2', 'dataset_consumes_unknown_never_scheduled', 'consume_1_and_2_with_dataset_expressions', 'conditional_dataset_and_time_based_timetable' retrieved from /home/airflow/.local/lib/python3.12/site-packages/airflow/example_dags/example_datasets.py
[2026-08-12T04:39:24.887+0000] {logging_mixin.py:190} INFO - [2026-08-12T04:39:24.886+0000] {dag.py:3211} INFO - Sync 10 DAGs
[2026-08-12T04:39:24.920+0000] {logging_mixin.py:190} INFO - [2026-08-12T04:39:24.919+0000] {dag.py:4138} INFO - Setting next_dagrun for conditional_dataset_and_time_based_timetable to 2026-08-12 01:00:00+00:00, run_after=2026-08-12 01:00:00+00:00
[2026-08-12T04:39:24.926+0000] {logging_mixin.py:190} INFO - [2026-08-12T04:39:24.925+0000] {dag.py:4138} INFO - Setting next_dagrun for consume_1_and_2_with_dataset_expressions to None, run_after=None
[2026-08-12T04:39:24.928+0000] {logging_mixin.py:190} INFO - [2026-08-12T04:39:24.928+0000] {dag.py:4138} INFO - Setting next_dagrun for consume_1_or_2_with_dataset_expressions to None, run_after=None
[2026-08-12T04:39:24.931+0000] {logging_mixin.py:190} INFO - [2026-08-12T04:39:24.931+0000] {dag.py:4138} INFO - Setting next_dagrun for consume_1_or_both_2_and_3_with_dataset_expressions to None, run_after=None
[2026-08-12T04:39:24.933+0000] {logging_mixin.py:190} INFO - [2026-08-12T04:39:24.933+0000] {dag.py:4138} INFO - Setting next_dagrun for dataset_consumes_1 to None, run_after=None
[2026-08-12T04:39:24.936+0000] {logging_mixin.py:190} INFO - [2026-08-12T04:39:24.936+0000] {dag.py:4138} INFO - Setting next_dagrun for dataset_consumes_1_and_2 to None, run_after=None
[2026-08-12T04:39:24.939+0000] {logging_mixin.py:190} INFO - [2026-08-12T04:39:24.939+0000] {dag.py:4138} INFO - Setting next_dagrun for dataset_consumes_1_never_scheduled to None, run_after=None
[2026-08-12T04:39:24.942+0000] {logging_mixin.py:190} INFO - [2026-08-12T04:39:24.941+0000] {dag.py:4138} INFO - Setting next_dagrun for dataset_consumes_unknown_never_scheduled to None, run_after=None
[2026-08-12T04:39:24.944+0000] {logging_mixin.py:190} INFO - [2026-08-12T04:39:24.944+0000] {dag.py:4138} INFO - Setting next_dagrun for dataset_produces_1 to 2026-08-11 00:00:00+00:00, run_after=2026-08-12 00:00:00+00:00
[2026-08-12T04:39:24.947+0000] {logging_mixin.py:190} INFO - [2026-08-12T04:39:24.947+0000] {dag.py:4138} INFO - Setting next_dagrun for dataset_produces_2 to None, run_after=None
[2026-08-12T04:39:24.994+0000] {processor.py:208} INFO - Processing /home/airflow/.local/lib/python3.12/site-packages/airflow/example_dags/example_datasets.py took 0.334 seconds
[2026-08-12T04:39:55.680+0000] {processor.py:186} INFO - Started process (PID=869) to work on /home/airflow/.local/lib/python3.12/site-packages/airflow/example_dags/example_datasets.py
[2026-08-12T04:39:55.682+0000] {processor.py:914} INFO - Processing file /home/airflow/.local/lib/python3.12/site-packages/airflow/example_dags/example_datasets.py for tasks to queue
[2026-08-12T04:39:55.685+0000] {logging_mixin.py:190} INFO - [2026-08-12T04:39:55.685+0000] {dagbag.py:587} INFO - Filling up the DagBag from /home/airflow/.local/lib/python3.12/site-packages/airflow/example_dags/example_datasets.py
[2026-08-12T04:39:55.856+0000] {processor.py:925} INFO - DAG(s) 'dataset_produces_2', 'dataset_consumes_unknown_never_scheduled', 'dataset_produces_1', 'dataset_consumes_1_and_2', 'consume_1_or_both_2_and_3_with_dataset_expressions', 'dataset_consumes_1', 'consume_1_or_2_with_dataset_expressions', 'dataset_consumes_1_never_scheduled', 'consume_1_and_2_with_dataset_expressions', 'conditional_dataset_and_time_based_timetable' retrieved from /home/airflow/.local/lib/python3.12/site-packages/airflow/example_dags/example_datasets.py
[2026-08-12T04:39:55.912+0000] {logging_mixin.py:190} INFO - [2026-08-12T04:39:55.912+0000] {dag.py:3211} INFO - Sync 10 DAGs
[2026-08-12T04:39:55.941+0000] {logging_mixin.py:190} INFO - [2026-08-12T04:39:55.941+0000] {dag.py:4138} INFO - Setting next_dagrun for conditional_dataset_and_time_based_timetable to 2026-08-12 01:00:00+00:00, run_after=2026-08-12 01:00:00+00:00
[2026-08-12T04:39:55.945+0000] {logging_mixin.py:190} INFO - [2026-08-12T04:39:55.945+0000] {dag.py:4138} INFO - Setting next_dagrun for consume_1_and_2_with_dataset_expressions to None, run_after=None
[2026-08-12T04:39:55.948+0000] {logging_mixin.py:190} INFO - [2026-08-12T04:39:55.947+0000] {dag.py:4138} INFO - Setting next_dagrun for consume_1_or_2_with_dataset_expressions to None, run_after=None
[2026-08-12T04:39:55.950+0000] {logging_mixin.py:190} INFO - [2026-08-12T04:39:55.950+0000] {dag.py:4138} INFO - Setting next_dagrun for consume_1_or_both_2_and_3_with_dataset_expressions to None, run_after=None
[2026-08-12T04:39:55.952+0000] {logging_mixin.py:190} INFO - [2026-08-12T04:39:55.952+0000] {dag.py:4138} INFO - Setting next_dagrun for dataset_consumes_1 to None, run_after=None
[2026-08-12T04:39:55.955+0000] {logging_mixin.py:190} INFO - [2026-08-12T04:39:55.955+0000] {dag.py:4138} INFO - Setting next_dagrun for dataset_consumes_1_and_2 to None, run_after=None
[2026-08-12T04:39:55.958+0000] {logging_mixin.py:190} INFO - [2026-08-12T04:39:55.957+0000] {dag.py:4138} INFO - Setting next_dagrun for dataset_consumes_1_never_scheduled to None, run_after=None
[2026-08-12T04:39:55.960+0000] {logging_mixin.py:190} INFO - [2026-08-12T04:39:55.960+0000] {dag.py:4138} INFO - Setting next_dagrun for dataset_consumes_unknown_never_scheduled to None, run_after=None
[2026-08-12T04:39:55.963+0000] {logging_mixin.py:190} INFO - [2026-08-12T04:39:55.963+0000] {dag.py:4138} INFO - Setting next_dagrun for dataset_produces_1 to 2026-08-11 00:00:00+00:00, run_after=2026-08-12 00:00:00+00:00
[2026-08-12T04:39:55.966+0000] {logging_mixin.py:190} INFO - [2026-08-12T04:39:55.965+0000] {dag.py:4138} INFO - Setting next_dagrun for dataset_produces_2 to None, run_after=None
[2026-08-12T04:39:56.025+0000] {processor.py:208} INFO - Processing /home/airflow/.local/lib/python3.12/site-packages/airflow/example_dags/example_datasets.py took 0.349 seconds
[2026-08-12T04:40:26.346+0000] {processor.py:186} INFO - Started process (PID=932) to work on /home/airflow/.local/lib/python3.12/site-packages/airflow/example_dags/example_datasets.py
[2026-08-12T04:40:26.347+0000] {processor.py:914} INFO - Processing file /home/airflow/.local/lib/python3.12/site-packages/airflow/example_dags/example_datasets.py for tasks to queue
[2026-08-12T04:40:26.350+0000] {logging_mixin.py:190} INFO - [2026-08-12T04:40:26.350+0000] {dagbag.py:587} INFO - Filling up the DagBag from /home/airflow/.local/lib/python3.12/site-packages/airflow/example_dags/example_datasets.py
[2026-08-12T04:40:26.510+0000] {processor.py:925} INFO - DAG(s) 'dataset_consumes_1_never_scheduled', 'dataset_consumes_1_and_2', 'dataset_produces_2', 'consume_1_or_both_2_and_3_with_dataset_expressions', 'dataset_consumes_1', 'dataset_consumes_unknown_never_scheduled', 'consume_1_and_2_with_dataset_expressions', 'consume_1_or_2_with_dataset_expressions', 'conditional_dataset_and_time_based_timetable', 'dataset_produces_1' retrieved from /home/airflow/.local/lib/python3.12/site-packages/airflow/example_dags/example_datasets.py
[2026-08-12T04:40:26.562+0000] {logging_mixin.py:190} INFO - [2026-08-12T04:40:26.562+0000] {dag.py:3211} INFO - Sync 10 DAGs
[2026-08-12T04:40:26.587+0000] {logging_mixin.py:190} INFO - [2026-08-12T04:40:26.587+0000] {dag.py:4138} INFO - Setting next_dagrun for conditional_dataset_and_time_based_timetable to 2026-08-12 01:00:00+00:00, run_after=2026-08-12 01:00:00+00:00
[2026-08-12T04:40:26.592+0000] {logging_mixin.py:190} INFO - [2026-08-12T04:40:26.592+0000] {dag.py:4138} INFO - Setting next_dagrun for consume_1_and_2_with_dataset_expressions to None, run_after=None
[2026-08-12T04:40:26.595+0000] {logging_mixin.py:190} INFO - [2026-08-12T04:40:26.595+0000] {dag.py:4138} INFO - Setting next_dagrun for consume_1_or_2_with_dataset_expressions to None, run_after=None
[2026-08-12T04:40:26.597+0000] {logging_mixin.py:190} INFO - [2026-08-12T04:40:26.597+0000] {dag.py:4138} INFO - Setting next_dagrun for consume_1_or_both_2_and_3_with_dataset_expressions to None, run_after=None
[2026-08-12T04:40:26.599+0000] {logging_mixin.py:190} INFO - [2026-08-12T04:40:26.599+0000] {dag.py:4138} INFO - Setting next_dagrun for dataset_consumes_1 to None, run_after=None
[2026-08-12T04:40:26.602+0000] {logging_mixin.py:190} INFO - [2026-08-12T04:40:26.602+0000] {dag.py:4138} INFO - Setting next_dagrun for dataset_consumes_1_and_2 to None, run_after=None
[2026-08-12T04:40:26.604+0000] {logging_mixin.py:190} INFO - [2026-08-12T04:40:26.604+0000] {dag.py:4138} INFO - Setting next_dagrun for dataset_consumes_1_never_scheduled to None, run_after=None
[2026-08-12T04:40:26.607+0000] {logging_mixin.py:190} INFO - [2026-08-12T04:40:26.607+0000] {dag.py:4138} INFO - Setting next_dagrun for dataset_consumes_unknown_never_scheduled to None, run_after=None
[2026-08-12T04:40:26.611+0000] {logging_mixin.py:190} INFO - [2026-08-12T04:40:26.611+0000] {dag.py:4138} INFO - Setting next_dagrun for dataset_produces_1 to 2026-08-11 00:00:00+00:00, run_after=2026-08-12 00:00:00+00:00
[2026-08-12T04:40:26.613+0000] {logging_mixin.py:190} INFO - [2026-08-12T04:40:26.613+0000] {dag.py:4138} INFO - Setting next_dagrun for dataset_produces_2 to None, run_after=None
[2026-08-12T04:40:26.654+0000] {processor.py:208} INFO - Processing /home/airflow/.local/lib/python3.12/site-packages/airflow/example_dags/example_datasets.py took 0.315 seconds
[2026-08-12T04:40:56.787+0000] {processor.py:186} INFO - Started process (PID=995) to work on /home/airflow/.local/lib/python3.12/site-packages/airflow/example_dags/example_datasets.py
[2026-08-12T04:40:56.789+0000] {processor.py:914} INFO - Processing file /home/airflow/.local/lib/python3.12/site-packages/airflow/example_dags/example_datasets.py for tasks to queue
[2026-08-12T04:40:56.792+0000] {logging_mixin.py:190} INFO - [2026-08-12T04:40:56.792+0000] {dagbag.py:587} INFO - Filling up the DagBag from /home/airflow/.local/lib/python3.12/site-packages/airflow/example_dags/example_datasets.py
[2026-08-12T04:40:56.954+0000] {processor.py:925} INFO - DAG(s) 'dataset_produces_2', 'dataset_consumes_1', 'dataset_produces_1', 'dataset_consumes_1_never_scheduled', 'conditional_dataset_and_time_based_timetable', 'dataset_consumes_1_and_2', 'consume_1_or_2_with_dataset_expressions', 'consume_1_and_2_with_dataset_expressions', 'consume_1_or_both_2_and_3_with_dataset_expressions', 'dataset_consumes_unknown_never_scheduled' retrieved from /home/airflow/.local/lib/python3.12/site-packages/airflow/example_dags/example_datasets.py
[2026-08-12T04:40:57.004+0000] {logging_mixin.py:190} INFO - [2026-08-12T04:40:57.003+0000] {dag.py:3211} INFO - Sync 10 DAGs
[2026-08-12T04:40:57.032+0000] {logging_mixin.py:190} INFO - [2026-08-12T04:40:57.031+0000] {dag.py:4138} INFO - Setting next_dagrun for conditional_dataset_and_time_based_timetable to 2026-08-12 01:00:00+00:00, run_after=2026-08-12 01:00:00+00:00
[2026-08-12T04:40:57.036+0000] {logging_mixin.py:190} INFO - [2026-08-12T04:40:57.036+0000] {dag.py:4138} INFO - Setting next_dagrun for consume_1_and_2_with_dataset_expressions to None, run_after=None
[2026-08-12T04:40:57.038+0000] {logging_mixin.py:190} INFO - [2026-08-12T04:40:57.038+0000] {dag.py:4138} INFO - Setting next_dagrun for consume_1_or_2_with_dataset_expressions to None, run_after=None
[2026-08-12T04:40:57.041+0000] {logging_mixin.py:190} INFO - [2026-08-12T04:40:57.041+0000] {dag.py:4138} INFO - Setting next_dagrun for consume_1_or_both_2_and_3_with_dataset_expressions to None, run_after=None
[2026-08-12T04:40:57.044+0000] {logging_mixin.py:190} INFO - [2026-08-12T04:40:57.044+0000] {dag.py:4138} INFO - Setting next_dagrun for dataset_consumes_1 to None, run_after=None
[2026-08-12T04:40:57.047+0000] {logging_mixin.py:190} INFO - [2026-08-12T04:40:57.046+0000] {dag.py:4138} INFO - Setting next_dagrun for dataset_consumes_1_and_2 to None, run_after=None
[2026-08-12T04:40:57.049+0000] {logging_mixin.py:190} INFO - [2026-08-12T04:40:57.049+0000] {dag.py:4138} INFO - Setting next_dagrun for dataset_consumes_1_never_scheduled to None, run_after=None
[2026-08-12T04:40:57.051+0000] {logging_mixin.py:190} INFO - [2026-08-12T04:40:57.051+0000] {dag.py:4138} INFO - Setting next_dagrun for dataset_consumes_unknown_never_scheduled to None, run_after=None
[2026-08-12T04:40:57.054+0000] {logging_mixin.py:190} INFO - [2026-08-12T04:40:57.053+0000] {dag.py:4138} INFO - Setting next_dagrun for dataset_produces_1 to 2026-08-11 00:00:00+00:00, run_after=2026-08-12 00:00:00+00:00
[2026-08-12T04:40:57.056+0000] {logging_mixin.py:190} INFO - [2026-08-12T04:40:57.055+0000] {dag.py:4138} INFO - Setting next_dagrun for dataset_produces_2 to None, run_after=None
[2026-08-12T04:40:57.093+0000] {processor.py:208} INFO - Processing /home/airflow/.local/lib/python3.12/site-packages/airflow/example_dags/example_datasets.py took 0.312 seconds
[2026-08-12T04:41:27.261+0000] {processor.py:186} INFO - Started process (PID=1058) to work on /home/airflow/.local/lib/python3.12/site-packages/airflow/example_dags/example_datasets.py
[2026-08-12T04:41:27.262+0000] {processor.py:914} INFO - Processing file /home/airflow/.local/lib/python3.12/site-packages/airflow/example_dags/example_datasets.py for tasks to queue
[2026-08-12T04:41:27.265+0000] {logging_mixin.py:190} INFO - [2026-08-12T04:41:27.265+0000] {dagbag.py:587} INFO - Filling up the DagBag from /home/airflow/.local/lib/python3.12/site-packages/airflow/example_dags/example_datasets.py
[2026-08-12T04:41:27.471+0000] {processor.py:925} INFO - DAG(s) 'dataset_consumes_1_never_scheduled', 'consume_1_or_2_with_dataset_expressions', 'consume_1_or_both_2_and_3_with_dataset_expressions', 'dataset_consumes_1', 'dataset_consumes_1_and_2', 'dataset_produces_1', 'dataset_consumes_unknown_never_scheduled', 'conditional_dataset_and_time_based_timetable', 'dataset_produces_2', 'consume_1_and_2_with_dataset_expressions' retrieved from /home/airflow/.local/lib/python3.12/site-packages/airflow/example_dags/example_datasets.py
[2026-08-12T04:41:27.521+0000] {logging_mixin.py:190} INFO - [2026-08-12T04:41:27.521+0000] {dag.py:3211} INFO - Sync 10 DAGs
[2026-08-12T04:41:27.549+0000] {logging_mixin.py:190} INFO - [2026-08-12T04:41:27.548+0000] {dag.py:4138} INFO - Setting next_dagrun for conditional_dataset_and_time_based_timetable to 2026-08-12 01:00:00+00:00, run_after=2026-08-12 01:00:00+00:00
[2026-08-12T04:41:27.554+0000] {logging_mixin.py:190} INFO - [2026-08-12T04:41:27.553+0000] {dag.py:4138} INFO - Setting next_dagrun for consume_1_and_2_with_dataset_expressions to None, run_after=None
[2026-08-12T04:41:27.556+0000] {logging_mixin.py:190} INFO - [2026-08-12T04:41:27.556+0000] {dag.py:4138} INFO - Setting next_dagrun for consume_1_or_2_with_dataset_expressions to None, run_after=None
[2026-08-12T04:41:27.558+0000] {logging_mixin.py:190} INFO - [2026-08-12T04:41:27.558+0000] {dag.py:4138} INFO - Setting next_dagrun for consume_1_or_both_2_and_3_with_dataset_expressions to None, run_after=None
[2026-08-12T04:41:27.563+0000] {logging_mixin.py:190} INFO - [2026-08-12T04:41:27.562+0000] {dag.py:4138} INFO - Setting next_dagrun for dataset_consumes_1 to None, run_after=None
[2026-08-12T04:41:27.565+0000] {logging_mixin.py:190} INFO - [2026-08-12T04:41:27.565+0000] {dag.py:4138} INFO - Setting next_dagrun for dataset_consumes_1_and_2 to None, run_after=None
[2026-08-12T04:41:27.567+0000] {logging_mixin.py:190} INFO - [2026-08-12T04:41:27.567+0000] {dag.py:4138} INFO - Setting next_dagrun for dataset_consumes_1_never_scheduled to None, run_after=None
[2026-08-12T04:41:27.570+0000] {logging_mixin.py:190} INFO - [2026-08-12T04:41:27.569+0000] {dag.py:4138} INFO - Setting next_dagrun for dataset_consumes_unknown_never_scheduled to None, run_after=None
[2026-08-12T04:41:27.573+0000] {logging_mixin.py:190} INFO - [2026-08-12T04:41:27.572+0000] {dag.py:4138} INFO - Setting next_dagrun for dataset_produces_1 to 2026-08-11 00:00:00+00:00, run_after=2026-08-12 00:00:00+00:00
[2026-08-12T04:41:27.575+0000] {logging_mixin.py:190} INFO - [2026-08-12T04:41:27.575+0000] {dag.py:4138} INFO - Setting next_dagrun for dataset_produces_2 to None, run_after=None
[2026-08-12T04:41:27.613+0000] {processor.py:208} INFO - Processing /home/airflow/.local/lib/python3.12/site-packages/airflow/example_dags/example_datasets.py took 0.358 seconds
[2026-08-12T04:41:58.510+0000] {processor.py:186} INFO - Started process (PID=1120) to work on /home/airflow/.local/lib/python3.12/site-packages/airflow/example_dags/example_datasets.py
[2026-08-12T04:41:58.512+0000] {processor.py:914} INFO - Processing file /home/airflow/.local/lib/python3.12/site-packages/airflow/example_dags/example_datasets.py for tasks to queue
[2026-08-12T04:41:58.517+0000] {logging_mixin.py:190} INFO - [2026-08-12T04:41:58.516+0000] {dagbag.py:587} INFO - Filling up the DagBag from /home/airflow/.local/lib/python3.12/site-packages/airflow/example_dags/example_datasets.py
[2026-08-12T04:41:58.683+0000] {processor.py:925} INFO - DAG(s) 'dataset_consumes_1', 'dataset_consumes_1_never_scheduled', 'dataset_consumes_unknown_never_scheduled', 'dataset_produces_2', 'consume_1_or_2_with_dataset_expressions', 'dataset_produces_1', 'conditional_dataset_and_time_based_timetable', 'dataset_consumes_1_and_2', 'consume_1_or_both_2_and_3_with_dataset_expressions', 'consume_1_and_2_with_dataset_expressions' retrieved from /home/airflow/.local/lib/python3.12/site-packages/airflow/example_dags/example_datasets.py
[2026-08-12T04:41:58.741+0000] {logging_mixin.py:190} INFO - [2026-08-12T04:41:58.741+0000] {dag.py:3211} INFO - Sync 10 DAGs
[2026-08-12T04:41:58.770+0000] {logging_mixin.py:190} INFO - [2026-08-12T04:41:58.770+0000] {dag.py:4138} INFO - Setting next_dagrun for conditional_dataset_and_time_based_timetable to 2026-08-12 01:00:00+00:00, run_after=2026-08-12 01:00:00+00:00
[2026-08-12T04:41:58.774+0000] {logging_mixin.py:190} INFO - [2026-08-12T04:41:58.774+0000] {dag.py:4138} INFO - Setting next_dagrun for consume_1_and_2_with_dataset_expressions to None, run_after=None
[2026-08-12T04:41:58.777+0000] {logging_mixin.py:190} INFO - [2026-08-12T04:41:58.777+0000] {dag.py:4138} INFO - Setting next_dagrun for consume_1_or_2_with_dataset_expressions to None, run_after=None
[2026-08-12T04:41:58.780+0000] {logging_mixin.py:190} INFO - [2026-08-12T04:41:58.780+0000] {dag.py:4138} INFO - Setting next_dagrun for consume_1_or_both_2_and_3_with_dataset_expressions to None, run_after=None
[2026-08-12T04:41:58.785+0000] {logging_mixin.py:190} INFO - [2026-08-12T04:41:58.785+0000] {dag.py:4138} INFO - Setting next_dagrun for dataset_consumes_1 to None, run_after=None
[2026-08-12T04:41:58.787+0000] {logging_mixin.py:190} INFO - [2026-08-12T04:41:58.787+0000] {dag.py:4138} INFO - Setting next_dagrun for dataset_consumes_1_and_2 to None, run_after=None
[2026-08-12T04:41:58.789+0000] {logging_mixin.py:190} INFO - [2026-08-12T04:41:58.789+0000] {dag.py:4138} INFO - Setting next_dagrun for dataset_consumes_1_never_scheduled to None, run_after=None
[2026-08-12T04:41:58.791+0000] {logging_mixin.py:190} INFO - [2026-08-12T04:41:58.791+0000] {dag.py:4138} INFO - Setting next_dagrun for dataset_consumes_unknown_never_scheduled to None, run_after=None
[2026-08-12T04:41:58.795+0000] {logging_mixin.py:190} INFO - [2026-08-12T04:41:58.795+0000] {dag.py:4138} INFO - Setting next_dagrun for dataset_produces_1 to 2026-08-11 00:00:00+00:00, run_after=2026-08-12 00:00:00+00:00
[2026-08-12T04:41:58.798+0000] {logging_mixin.py:190} INFO - [2026-08-12T04:41:58.798+0000] {dag.py:4138} INFO - Setting next_dagrun for dataset_produces_2 to None, run_after=None
[2026-08-12T04:41:58.841+0000] {processor.py:208} INFO - Processing /home/airflow/.local/lib/python3.12/site-packages/airflow/example_dags/example_datasets.py took 0.338 seconds
[2026-08-12T04:42:29.352+0000] {processor.py:186} INFO - Started process (PID=1182) to work on /home/airflow/.local/lib/python3.12/site-packages/airflow/example_dags/example_datasets.py
[2026-08-12T04:42:29.353+0000] {processor.py:914} INFO - Processing file /home/airflow/.local/lib/python3.12/site-packages/airflow/example_dags/example_datasets.py for tasks to queue
[2026-08-12T04:42:29.360+0000] {logging_mixin.py:190} INFO - [2026-08-12T04:42:29.356+0000] {dagbag.py:587} INFO - Filling up the DagBag from /home/airflow/.local/lib/python3.12/site-packages/airflow/example_dags/example_datasets.py
[2026-08-12T04:42:29.722+0000] {processor.py:925} INFO - DAG(s) 'consume_1_or_both_2_and_3_with_dataset_expressions', 'dataset_produces_2', 'consume_1_or_2_with_dataset_expressions', 'dataset_consumes_unknown_never_scheduled', 'conditional_dataset_and_time_based_timetable', 'consume_1_and_2_with_dataset_expressions', 'dataset_produces_1', 'dataset_consumes_1_never_scheduled', 'dataset_consumes_1_and_2', 'dataset_consumes_1' retrieved from /home/airflow/.local/lib/python3.12/site-packages/airflow/example_dags/example_datasets.py
[2026-08-12T04:42:29.776+0000] {logging_mixin.py:190} INFO - [2026-08-12T04:42:29.775+0000] {dag.py:3211} INFO - Sync 10 DAGs
[2026-08-12T04:42:29.812+0000] {logging_mixin.py:190} INFO - [2026-08-12T04:42:29.812+0000] {dag.py:4138} INFO - Setting next_dagrun for conditional_dataset_and_time_based_timetable to 2026-08-12 01:00:00+00:00, run_after=2026-08-12 01:00:00+00:00
[2026-08-12T04:42:29.820+0000] {logging_mixin.py:190} INFO - [2026-08-12T04:42:29.819+0000] {dag.py:4138} INFO - Setting next_dagrun for consume_1_and_2_with_dataset_expressions to None, run_after=None
[2026-08-12T04:42:29.823+0000] {logging_mixin.py:190} INFO - [2026-08-12T04:42:29.823+0000] {dag.py:4138} INFO - Setting next_dagrun for consume_1_or_2_with_dataset_expressions to None, run_after=None
[2026-08-12T04:42:29.827+0000] {logging_mixin.py:190} INFO - [2026-08-12T04:42:29.827+0000] {dag.py:4138} INFO - Setting next_dagrun for consume_1_or_both_2_and_3_with_dataset_expressions to None, run_after=None
[2026-08-12T04:42:29.831+0000] {logging_mixin.py:190} INFO - [2026-08-12T04:42:29.831+0000] {dag.py:4138} INFO - Setting next_dagrun for dataset_consumes_1 to None, run_after=None
[2026-08-12T04:42:29.835+0000] {logging_mixin.py:190} INFO - [2026-08-12T04:42:29.835+0000] {dag.py:4138} INFO - Setting next_dagrun for dataset_consumes_1_and_2 to None, run_after=None
[2026-08-12T04:42:29.838+0000] {logging_mixin.py:190} INFO - [2026-08-12T04:42:29.838+0000] {dag.py:4138} INFO - Setting next_dagrun for dataset_consumes_1_never_scheduled to None, run_after=None
[2026-08-12T04:42:29.841+0000] {logging_mixin.py:190} INFO - [2026-08-12T04:42:29.841+0000] {dag.py:4138} INFO - Setting next_dagrun for dataset_consumes_unknown_never_scheduled to None, run_after=None
[2026-08-12T04:42:29.847+0000] {logging_mixin.py:190} INFO - [2026-08-12T04:42:29.847+0000] {dag.py:4138} INFO - Setting next_dagrun for dataset_produces_1 to 2026-08-11 00:00:00+00:00, run_after=2026-08-12 00:00:00+00:00
[2026-08-12T04:42:29.851+0000] {logging_mixin.py:190} INFO - [2026-08-12T04:42:29.851+0000] {dag.py:4138} INFO - Setting next_dagrun for dataset_produces_2 to None, run_after=None
[2026-08-12T04:42:29.928+0000] {processor.py:208} INFO - Processing /home/airflow/.local/lib/python3.12/site-packages/airflow/example_dags/example_datasets.py took 0.583 seconds
[2026-08-12T04:43:00.647+0000] {processor.py:186} INFO - Started process (PID=1245) to work on /home/airflow/.local/lib/python3.12/site-packages/airflow/example_dags/example_datasets.py
[2026-08-12T04:43:00.650+0000] {processor.py:914} INFO - Processing file /home/airflow/.local/lib/python3.12/site-packages/airflow/example_dags/example_datasets.py for tasks to queue
[2026-08-12T04:43:00.654+0000] {logging_mixin.py:190} INFO - [2026-08-12T04:43:00.654+0000] {dagbag.py:587} INFO - Filling up the DagBag from /home/airflow/.local/lib/python3.12/site-packages/airflow/example_dags/example_datasets.py
[2026-08-12T04:43:00.795+0000] {processor.py:925} INFO - DAG(s) 'dataset_produces_1', 'conditional_dataset_and_time_based_timetable', 'dataset_produces_2', 'consume_1_or_both_2_and_3_with_dataset_expressions', 'dataset_consumes_1_and_2', 'dataset_consumes_1', 'consume_1_and_2_with_dataset_expressions', 'dataset_consumes_1_never_scheduled', 'dataset_consumes_unknown_never_scheduled', 'consume_1_or_2_with_dataset_expressions' retrieved from /home/airflow/.local/lib/python3.12/site-packages/airflow/example_dags/example_datasets.py
[2026-08-12T04:43:00.838+0000] {logging_mixin.py:190} INFO - [2026-08-12T04:43:00.838+0000] {dag.py:3211} INFO - Sync 10 DAGs
[2026-08-12T04:43:00.862+0000] {logging_mixin.py:190} INFO - [2026-08-12T04:43:00.862+0000] {dag.py:4138} INFO - Setting next_dagrun for conditional_dataset_and_time_based_timetable to 2026-08-12 01:00:00+00:00, run_after=2026-08-12 01:00:00+00:00
[2026-08-12T04:43:00.868+0000] {logging_mixin.py:190} INFO - [2026-08-12T04:43:00.868+0000] {dag.py:4138} INFO - Setting next_dagrun for consume_1_and_2_with_dataset_expressions to None, run_after=None
[2026-08-12T04:43:00.871+0000] {logging_mixin.py:190} INFO - [2026-08-12T04:43:00.871+0000] {dag.py:4138} INFO - Setting next_dagrun for consume_1_or_2_with_dataset_expressions to None, run_after=None
[2026-08-12T04:43:00.873+0000] {logging_mixin.py:190} INFO - [2026-08-12T04:43:00.873+0000] {dag.py:4138} INFO - Setting next_dagrun for consume_1_or_both_2_and_3_with_dataset_expressions to None, run_after=None
[2026-08-12T04:43:00.875+0000] {logging_mixin.py:190} INFO - [2026-08-12T04:43:00.875+0000] {dag.py:4138} INFO - Setting next_dagrun for dataset_consumes_1 to None, run_after=None
[2026-08-12T04:43:00.878+0000] {logging_mixin.py:190} INFO - [2026-08-12T04:43:00.877+0000] {dag.py:4138} INFO - Setting next_dagrun for dataset_consumes_1_and_2 to None, run_after=None
[2026-08-12T04:43:00.880+0000] {logging_mixin.py:190} INFO - [2026-08-12T04:43:00.880+0000] {dag.py:4138} INFO - Setting next_dagrun for dataset_consumes_1_never_scheduled to None, run_after=None
[2026-08-12T04:43:00.883+0000] {logging_mixin.py:190} INFO - [2026-08-12T04:43:00.883+0000] {dag.py:4138} INFO - Setting next_dagrun for dataset_consumes_unknown_never_scheduled to None, run_after=None
[2026-08-12T04:43:00.886+0000] {logging_mixin.py:190} INFO - [2026-08-12T04:43:00.886+0000] {dag.py:4138} INFO - Setting next_dagrun for dataset_produces_1 to 2026-08-11 00:00:00+00:00, run_after=2026-08-12 00:00:00+00:00
[2026-08-12T04:43:00.889+0000] {logging_mixin.py:190} INFO - [2026-08-12T04:43:00.889+0000] {dag.py:4138} INFO - Setting next_dagrun for dataset_produces_2 to None, run_after=None
[2026-08-12T04:43:00.945+0000] {processor.py:208} INFO - Processing /home/airflow/.local/lib/python3.12/site-packages/airflow/example_dags/example_datasets.py took 0.317 seconds
[2026-08-12T04:43:31.502+0000] {processor.py:186} INFO - Started process (PID=1307) to work on /home/airflow/.local/lib/python3.12/site-packages/airflow/example_dags/example_datasets.py
[2026-08-12T04:43:31.504+0000] {processor.py:914} INFO - Processing file /home/airflow/.local/lib/python3.12/site-packages/airflow/example_dags/example_datasets.py for tasks to queue
[2026-08-12T04:43:31.521+0000] {logging_mixin.py:190} INFO - [2026-08-12T04:43:31.521+0000] {dagbag.py:587} INFO - Filling up the DagBag from /home/airflow/.local/lib/python3.12/site-packages/airflow/example_dags/example_datasets.py
[2026-08-12T04:43:31.697+0000] {processor.py:925} INFO - DAG(s) 'dataset_produces_2', 'dataset_produces_1', 'dataset_consumes_1_and_2', 'dataset_consumes_1', 'consume_1_or_2_with_dataset_expressions', 'dataset_consumes_1_never_scheduled', 'dataset_consumes_unknown_never_scheduled', 'consume_1_or_both_2_and_3_with_dataset_expressions', 'consume_1_and_2_with_dataset_expressions', 'conditional_dataset_and_time_based_timetable' retrieved from /home/airflow/.local/lib/python3.12/site-packages/airflow/example_dags/example_datasets.py
[2026-08-12T04:43:31.743+0000] {logging_mixin.py:190} INFO - [2026-08-12T04:43:31.742+0000] {dag.py:3211} INFO - Sync 10 DAGs
[2026-08-12T04:43:31.769+0000] {logging_mixin.py:190} INFO - [2026-08-12T04:43:31.769+0000] {dag.py:4138} INFO - Setting next_dagrun for conditional_dataset_and_time_based_timetable to 2026-08-12 01:00:00+00:00, run_after=2026-08-12 01:00:00+00:00
[2026-08-12T04:43:31.774+0000] {logging_mixin.py:190} INFO - [2026-08-12T04:43:31.773+0000] {dag.py:4138} INFO - Setting next_dagrun for consume_1_and_2_with_dataset_expressions to None, run_after=None
[2026-08-12T04:43:31.777+0000] {logging_mixin.py:190} INFO - [2026-08-12T04:43:31.777+0000] {dag.py:4138} INFO - Setting next_dagrun for consume_1_or_2_with_dataset_expressions to None, run_after=None
[2026-08-12T04:43:31.780+0000] {logging_mixin.py:190} INFO - [2026-08-12T04:43:31.780+0000] {dag.py:4138} INFO - Setting next_dagrun for consume_1_or_both_2_and_3_with_dataset_expressions to None, run_after=None
[2026-08-12T04:43:31.782+0000] {logging_mixin.py:190} INFO - [2026-08-12T04:43:31.782+0000] {dag.py:4138} INFO - Setting next_dagrun for dataset_consumes_1 to None, run_after=None
[2026-08-12T04:43:31.786+0000] {logging_mixin.py:190} INFO - [2026-08-12T04:43:31.785+0000] {dag.py:4138} INFO - Setting next_dagrun for dataset_consumes_1_and_2 to None, run_after=None
[2026-08-12T04:43:31.789+0000] {logging_mixin.py:190} INFO - [2026-08-12T04:43:31.789+0000] {dag.py:4138} INFO - Setting next_dagrun for dataset_consumes_1_never_scheduled to None, run_after=None
[2026-08-12T04:43:31.792+0000] {logging_mixin.py:190} INFO - [2026-08-12T04:43:31.792+0000] {dag.py:4138} INFO - Setting next_dagrun for dataset_consumes_unknown_never_scheduled to None, run_after=None
[2026-08-12T04:43:31.797+0000] {logging_mixin.py:190} INFO - [2026-08-12T04:43:31.796+0000] {dag.py:4138} INFO - Setting next_dagrun for dataset_produces_1 to 2026-08-11 00:00:00+00:00, run_after=2026-08-12 00:00:00+00:00
[2026-08-12T04:43:31.800+0000] {logging_mixin.py:190} INFO - [2026-08-12T04:43:31.800+0000] {dag.py:4138} INFO - Setting next_dagrun for dataset_produces_2 to None, run_after=None
[2026-08-12T04:43:31.846+0000] {processor.py:208} INFO - Processing /home/airflow/.local/lib/python3.12/site-packages/airflow/example_dags/example_datasets.py took 0.351 seconds
[2026-08-12T04:44:02.291+0000] {processor.py:186} INFO - Started process (PID=1369) to work on /home/airflow/.local/lib/python3.12/site-packages/airflow/example_dags/example_datasets.py
[2026-08-12T04:44:02.293+0000] {processor.py:914} INFO - Processing file /home/airflow/.local/lib/python3.12/site-packages/airflow/example_dags/example_datasets.py for tasks to queue
[2026-08-12T04:44:02.296+0000] {logging_mixin.py:190} INFO - [2026-08-12T04:44:02.296+0000] {dagbag.py:587} INFO - Filling up the DagBag from /home/airflow/.local/lib/python3.12/site-packages/airflow/example_dags/example_datasets.py
[2026-08-12T04:44:02.442+0000] {processor.py:925} INFO - DAG(s) 'dataset_consumes_1_never_scheduled', 'consume_1_or_both_2_and_3_with_dataset_expressions', 'consume_1_or_2_with_dataset_expressions', 'dataset_consumes_unknown_never_scheduled', 'consume_1_and_2_with_dataset_expressions', 'dataset_consumes_1_and_2', 'conditional_dataset_and_time_based_timetable', 'dataset_consumes_1', 'dataset_produces_2', 'dataset_produces_1' retrieved from /home/airflow/.local/lib/python3.12/site-packages/airflow/example_dags/example_datasets.py
[2026-08-12T04:44:02.493+0000] {logging_mixin.py:190} INFO - [2026-08-12T04:44:02.493+0000] {dag.py:3211} INFO - Sync 10 DAGs
[2026-08-12T04:44:02.518+0000] {logging_mixin.py:190} INFO - [2026-08-12T04:44:02.517+0000] {dag.py:4138} INFO - Setting next_dagrun for conditional_dataset_and_time_based_timetable to 2026-08-12 01:00:00+00:00, run_after=2026-08-12 01:00:00+00:00
[2026-08-12T04:44:02.522+0000] {logging_mixin.py:190} INFO - [2026-08-12T04:44:02.522+0000] {dag.py:4138} INFO - Setting next_dagrun for consume_1_and_2_with_dataset_expressions to None, run_after=None
[2026-08-12T04:44:02.525+0000] {logging_mixin.py:190} INFO - [2026-08-12T04:44:02.524+0000] {dag.py:4138} INFO - Setting next_dagrun for consume_1_or_2_with_dataset_expressions to None, run_after=None
[2026-08-12T04:44:02.527+0000] {logging_mixin.py:190} INFO - [2026-08-12T04:44:02.527+0000] {dag.py:4138} INFO - Setting next_dagrun for consume_1_or_both_2_and_3_with_dataset_expressions to None, run_after=None
[2026-08-12T04:44:02.530+0000] {logging_mixin.py:190} INFO - [2026-08-12T04:44:02.530+0000] {dag.py:4138} INFO - Setting next_dagrun for dataset_consumes_1 to None, run_after=None
[2026-08-12T04:44:02.533+0000] {logging_mixin.py:190} INFO - [2026-08-12T04:44:02.532+0000] {dag.py:4138} INFO - Setting next_dagrun for dataset_consumes_1_and_2 to None, run_after=None
[2026-08-12T04:44:02.536+0000] {logging_mixin.py:190} INFO - [2026-08-12T04:44:02.535+0000] {dag.py:4138} INFO - Setting next_dagrun for dataset_consumes_1_never_scheduled to None, run_after=None
[2026-08-12T04:44:02.538+0000] {logging_mixin.py:190} INFO - [2026-08-12T04:44:02.538+0000] {dag.py:4138} INFO - Setting next_dagrun for dataset_consumes_unknown_never_scheduled to None, run_after=None
[2026-08-12T04:44:02.543+0000] {logging_mixin.py:190} INFO - [2026-08-12T04:44:02.542+0000] {dag.py:4138} INFO - Setting next_dagrun for dataset_produces_1 to 2026-08-11 00:00:00+00:00, run_after=2026-08-12 00:00:00+00:00
[2026-08-12T04:44:02.545+0000] {logging_mixin.py:190} INFO - [2026-08-12T04:44:02.545+0000] {dag.py:4138} INFO - Setting next_dagrun for dataset_produces_2 to None, run_after=None
[2026-08-12T04:44:02.586+0000] {processor.py:208} INFO - Processing /home/airflow/.local/lib/python3.12/site-packages/airflow/example_dags/example_datasets.py took 0.301 seconds
[2026-08-12T04:44:32.769+0000] {processor.py:186} INFO - Started process (PID=1432) to work on /home/airflow/.local/lib/python3.12/site-packages/airflow/example_dags/example_datasets.py
[2026-08-12T04:44:32.770+0000] {processor.py:914} INFO - Processing file /home/airflow/.local/lib/python3.12/site-packages/airflow/example_dags/example_datasets.py for tasks to queue
[2026-08-12T04:44:32.774+0000] {logging_mixin.py:190} INFO - [2026-08-12T04:44:32.773+0000] {dagbag.py:587} INFO - Filling up the DagBag from /home/airflow/.local/lib/python3.12/site-packages/airflow/example_dags/example_datasets.py
[2026-08-12T04:44:32.919+0000] {processor.py:925} INFO - DAG(s) 'dataset_produces_1', 'dataset_consumes_1_never_scheduled', 'dataset_produces_2', 'consume_1_or_both_2_and_3_with_dataset_expressions', 'consume_1_and_2_with_dataset_expressions', 'dataset_consumes_1_and_2', 'conditional_dataset_and_time_based_timetable', 'consume_1_or_2_with_dataset_expressions', 'dataset_consumes_1', 'dataset_consumes_unknown_never_scheduled' retrieved from /home/airflow/.local/lib/python3.12/site-packages/airflow/example_dags/example_datasets.py
[2026-08-12T04:44:32.965+0000] {logging_mixin.py:190} INFO - [2026-08-12T04:44:32.965+0000] {dag.py:3211} INFO - Sync 10 DAGs
[2026-08-12T04:44:32.992+0000] {logging_mixin.py:190} INFO - [2026-08-12T04:44:32.992+0000] {dag.py:4138} INFO - Setting next_dagrun for conditional_dataset_and_time_based_timetable to 2026-08-12 01:00:00+00:00, run_after=2026-08-12 01:00:00+00:00
[2026-08-12T04:44:32.998+0000] {logging_mixin.py:190} INFO - [2026-08-12T04:44:32.998+0000] {dag.py:4138} INFO - Setting next_dagrun for consume_1_and_2_with_dataset_expressions to None, run_after=None
[2026-08-12T04:44:33.001+0000] {logging_mixin.py:190} INFO - [2026-08-12T04:44:33.001+0000] {dag.py:4138} INFO - Setting next_dagrun for consume_1_or_2_with_dataset_expressions to None, run_after=None
[2026-08-12T04:44:33.003+0000] {logging_mixin.py:190} INFO - [2026-08-12T04:44:33.003+0000] {dag.py:4138} INFO - Setting next_dagrun for consume_1_or_both_2_and_3_with_dataset_expressions to None, run_after=None
[2026-08-12T04:44:33.005+0000] {logging_mixin.py:190} INFO - [2026-08-12T04:44:33.005+0000] {dag.py:4138} INFO - Setting next_dagrun for dataset_consumes_1 to None, run_after=None
[2026-08-12T04:44:33.007+0000] {logging_mixin.py:190} INFO - [2026-08-12T04:44:33.007+0000] {dag.py:4138} INFO - Setting next_dagrun for dataset_consumes_1_and_2 to None, run_after=None
[2026-08-12T04:44:33.010+0000] {logging_mixin.py:190} INFO - [2026-08-12T04:44:33.010+0000] {dag.py:4138} INFO - Setting next_dagrun for dataset_consumes_1_never_scheduled to None, run_after=None
[2026-08-12T04:44:33.012+0000] {logging_mixin.py:190} INFO - [2026-08-12T04:44:33.012+0000] {dag.py:4138} INFO - Setting next_dagrun for dataset_consumes_unknown_never_scheduled to None, run_after=None
[2026-08-12T04:44:33.016+0000] {logging_mixin.py:190} INFO - [2026-08-12T04:44:33.015+0000] {dag.py:4138} INFO - Setting next_dagrun for dataset_produces_1 to 2026-08-11 00:00:00+00:00, run_after=2026-08-12 00:00:00+00:00
[2026-08-12T04:44:33.018+0000] {logging_mixin.py:190} INFO - [2026-08-12T04:44:33.018+0000] {dag.py:4138} INFO - Setting next_dagrun for dataset_produces_2 to None, run_after=None
[2026-08-12T04:44:33.062+0000] {processor.py:208} INFO - Processing /home/airflow/.local/lib/python3.12/site-packages/airflow/example_dags/example_datasets.py took 0.299 seconds
[2026-08-12T04:45:03.706+0000] {processor.py:186} INFO - Started process (PID=1494) to work on /home/airflow/.local/lib/python3.12/site-packages/airflow/example_dags/example_datasets.py
[2026-08-12T04:45:03.708+0000] {processor.py:914} INFO - Processing file /home/airflow/.local/lib/python3.12/site-packages/airflow/example_dags/example_datasets.py for tasks to queue
[2026-08-12T04:45:03.712+0000] {logging_mixin.py:190} INFO - [2026-08-12T04:45:03.712+0000] {dagbag.py:587} INFO - Filling up the DagBag from /home/airflow/.local/lib/python3.12/site-packages/airflow/example_dags/example_datasets.py
[2026-08-12T04:45:03.931+0000] {processor.py:925} INFO - DAG(s) 'dataset_consumes_1', 'consume_1_and_2_with_dataset_expressions', 'conditional_dataset_and_time_based_timetable', 'dataset_consumes_1_and_2', 'dataset_produces_1', 'consume_1_or_both_2_and_3_with_dataset_expressions', 'dataset_produces_2', 'dataset_consumes_1_never_scheduled', 'dataset_consumes_unknown_never_scheduled', 'consume_1_or_2_with_dataset_expressions' retrieved from /home/airflow/.local/lib/python3.12/site-packages/airflow/example_dags/example_datasets.py
[2026-08-12T04:45:03.994+0000] {logging_mixin.py:190} INFO - [2026-08-12T04:45:03.994+0000] {dag.py:3211} INFO - Sync 10 DAGs
[2026-08-12T04:45:04.020+0000] {logging_mixin.py:190} INFO - [2026-08-12T04:45:04.020+0000] {dag.py:4138} INFO - Setting next_dagrun for conditional_dataset_and_time_based_timetable to 2026-08-12 01:00:00+00:00, run_after=2026-08-12 01:00:00+00:00
[2026-08-12T04:45:04.027+0000] {logging_mixin.py:190} INFO - [2026-08-12T04:45:04.026+0000] {dag.py:4138} INFO - Setting next_dagrun for consume_1_and_2_with_dataset_expressions to None, run_after=None
[2026-08-12T04:45:04.029+0000] {logging_mixin.py:190} INFO - [2026-08-12T04:45:04.029+0000] {dag.py:4138} INFO - Setting next_dagrun for consume_1_or_2_with_dataset_expressions to None, run_after=None
[2026-08-12T04:45:04.031+0000] {logging_mixin.py:190} INFO - [2026-08-12T04:45:04.031+0000] {dag.py:4138} INFO - Setting next_dagrun for consume_1_or_both_2_and_3_with_dataset_expressions to None, run_after=None
[2026-08-12T04:45:04.033+0000] {logging_mixin.py:190} INFO - [2026-08-12T04:45:04.033+0000] {dag.py:4138} INFO - Setting next_dagrun for dataset_consumes_1 to None, run_after=None
[2026-08-12T04:45:04.035+0000] {logging_mixin.py:190} INFO - [2026-08-12T04:45:04.035+0000] {dag.py:4138} INFO - Setting next_dagrun for dataset_consumes_1_and_2 to None, run_after=None
[2026-08-12T04:45:04.039+0000] {logging_mixin.py:190} INFO - [2026-08-12T04:45:04.038+0000] {dag.py:4138} INFO - Setting next_dagrun for dataset_consumes_1_never_scheduled to None, run_after=None
[2026-08-12T04:45:04.042+0000] {logging_mixin.py:190} INFO - [2026-08-12T04:45:04.041+0000] {dag.py:4138} INFO - Setting next_dagrun for dataset_consumes_unknown_never_scheduled to None, run_after=None
[2026-08-12T04:45:04.045+0000] {logging_mixin.py:190} INFO - [2026-08-12T04:45:04.044+0000] {dag.py:4138} INFO - Setting next_dagrun for dataset_produces_1 to 2026-08-11 00:00:00+00:00, run_after=2026-08-12 00:00:00+00:00
[2026-08-12T04:45:04.047+0000] {logging_mixin.py:190} INFO - [2026-08-12T04:45:04.046+0000] {dag.py:4138} INFO - Setting next_dagrun for dataset_produces_2 to None, run_after=None
[2026-08-12T04:45:04.092+0000] {processor.py:208} INFO - Processing /home/airflow/.local/lib/python3.12/site-packages/airflow/example_dags/example_datasets.py took 0.396 seconds
[2026-08-12T04:45:34.270+0000] {processor.py:186} INFO - Started process (PID=1558) to work on /home/airflow/.local/lib/python3.12/site-packages/airflow/example_dags/example_datasets.py
[2026-08-12T04:45:34.271+0000] {processor.py:914} INFO - Processing file /home/airflow/.local/lib/python3.12/site-packages/airflow/example_dags/example_datasets.py for tasks to queue
[2026-08-12T04:45:34.274+0000] {logging_mixin.py:190} INFO - [2026-08-12T04:45:34.274+0000] {dagbag.py:587} INFO - Filling up the DagBag from /home/airflow/.local/lib/python3.12/site-packages/airflow/example_dags/example_datasets.py
[2026-08-12T04:45:34.418+0000] {processor.py:925} INFO - DAG(s) 'dataset_consumes_1_and_2', 'consume_1_or_both_2_and_3_with_dataset_expressions', 'dataset_produces_2', 'consume_1_or_2_with_dataset_expressions', 'dataset_consumes_1_never_scheduled', 'dataset_produces_1', 'dataset_consumes_1', 'conditional_dataset_and_time_based_timetable', 'consume_1_and_2_with_dataset_expressions', 'dataset_consumes_unknown_never_scheduled' retrieved from /home/airflow/.local/lib/python3.12/site-packages/airflow/example_dags/example_datasets.py
[2026-08-12T04:45:34.464+0000] {logging_mixin.py:190} INFO - [2026-08-12T04:45:34.464+0000] {dag.py:3211} INFO - Sync 10 DAGs
[2026-08-12T04:45:34.494+0000] {logging_mixin.py:190} INFO - [2026-08-12T04:45:34.494+0000] {dag.py:4138} INFO - Setting next_dagrun for conditional_dataset_and_time_based_timetable to 2026-08-12 01:00:00+00:00, run_after=2026-08-12 01:00:00+00:00
[2026-08-12T04:45:34.499+0000] {logging_mixin.py:190} INFO - [2026-08-12T04:45:34.499+0000] {dag.py:4138} INFO - Setting next_dagrun for consume_1_and_2_with_dataset_expressions to None, run_after=None
[2026-08-12T04:45:34.502+0000] {logging_mixin.py:190} INFO - [2026-08-12T04:45:34.502+0000] {dag.py:4138} INFO - Setting next_dagrun for consume_1_or_2_with_dataset_expressions to None, run_after=None
[2026-08-12T04:45:34.504+0000] {logging_mixin.py:190} INFO - [2026-08-12T04:45:34.504+0000] {dag.py:4138} INFO - Setting next_dagrun for consume_1_or_both_2_and_3_with_dataset_expressions to None, run_after=None
[2026-08-12T04:45:34.507+0000] {logging_mixin.py:190} INFO - [2026-08-12T04:45:34.506+0000] {dag.py:4138} INFO - Setting next_dagrun for dataset_consumes_1 to None, run_after=None
[2026-08-12T04:45:34.509+0000] {logging_mixin.py:190} INFO - [2026-08-12T04:45:34.509+0000] {dag.py:4138} INFO - Setting next_dagrun for dataset_consumes_1_and_2 to None, run_after=None
[2026-08-12T04:45:34.511+0000] {logging_mixin.py:190} INFO - [2026-08-12T04:45:34.510+0000] {dag.py:4138} INFO - Setting next_dagrun for dataset_consumes_1_never_scheduled to None, run_after=None
[2026-08-12T04:45:34.513+0000] {logging_mixin.py:190} INFO - [2026-08-12T04:45:34.512+0000] {dag.py:4138} INFO - Setting next_dagrun for dataset_consumes_unknown_never_scheduled to None, run_after=None
[2026-08-12T04:45:34.516+0000] {logging_mixin.py:190} INFO - [2026-08-12T04:45:34.515+0000] {dag.py:4138} INFO - Setting next_dagrun for dataset_produces_1 to 2026-08-11 00:00:00+00:00, run_after=2026-08-12 00:00:00+00:00
[2026-08-12T04:45:34.519+0000] {logging_mixin.py:190} INFO - [2026-08-12T04:45:34.518+0000] {dag.py:4138} INFO - Setting next_dagrun for dataset_produces_2 to None, run_after=None
[2026-08-12T04:45:34.567+0000] {processor.py:208} INFO - Processing /home/airflow/.local/lib/python3.12/site-packages/airflow/example_dags/example_datasets.py took 0.303 seconds
[2026-08-12T04:46:04.707+0000] {processor.py:186} INFO - Started process (PID=1622) to work on /home/airflow/.local/lib/python3.12/site-packages/airflow/example_dags/example_datasets.py
[2026-08-12T04:46:04.709+0000] {processor.py:914} INFO - Processing file /home/airflow/.local/lib/python3.12/site-packages/airflow/example_dags/example_datasets.py for tasks to queue
[2026-08-12T04:46:04.712+0000] {logging_mixin.py:190} INFO - [2026-08-12T04:46:04.712+0000] {dagbag.py:587} INFO - Filling up the DagBag from /home/airflow/.local/lib/python3.12/site-packages/airflow/example_dags/example_datasets.py
[2026-08-12T04:46:04.877+0000] {processor.py:925} INFO - DAG(s) 'conditional_dataset_and_time_based_timetable', 'dataset_consumes_1_and_2', 'consume_1_and_2_with_dataset_expressions', 'consume_1_or_2_with_dataset_expressions', 'dataset_consumes_unknown_never_scheduled', 'dataset_produces_1', 'dataset_consumes_1_never_scheduled', 'dataset_consumes_1', 'dataset_produces_2', 'consume_1_or_both_2_and_3_with_dataset_expressions' retrieved from /home/airflow/.local/lib/python3.12/site-packages/airflow/example_dags/example_datasets.py
[2026-08-12T04:46:04.919+0000] {logging_mixin.py:190} INFO - [2026-08-12T04:46:04.919+0000] {dag.py:3211} INFO - Sync 10 DAGs
[2026-08-12T04:46:04.943+0000] {logging_mixin.py:190} INFO - [2026-08-12T04:46:04.943+0000] {dag.py:4138} INFO - Setting next_dagrun for conditional_dataset_and_time_based_timetable to 2026-08-12 01:00:00+00:00, run_after=2026-08-12 01:00:00+00:00
[2026-08-12T04:46:04.947+0000] {logging_mixin.py:190} INFO - [2026-08-12T04:46:04.947+0000] {dag.py:4138} INFO - Setting next_dagrun for consume_1_and_2_with_dataset_expressions to None, run_after=None
[2026-08-12T04:46:04.950+0000] {logging_mixin.py:190} INFO - [2026-08-12T04:46:04.950+0000] {dag.py:4138} INFO - Setting next_dagrun for consume_1_or_2_with_dataset_expressions to None, run_after=None
[2026-08-12T04:46:04.952+0000] {logging_mixin.py:190} INFO - [2026-08-12T04:46:04.952+0000] {dag.py:4138} INFO - Setting next_dagrun for consume_1_or_both_2_and_3_with_dataset_expressions to None, run_after=None
[2026-08-12T04:46:04.954+0000] {logging_mixin.py:190} INFO - [2026-08-12T04:46:04.954+0000] {dag.py:4138} INFO - Setting next_dagrun for dataset_consumes_1 to None, run_after=None
[2026-08-12T04:46:04.957+0000] {logging_mixin.py:190} INFO - [2026-08-12T04:46:04.957+0000] {dag.py:4138} INFO - Setting next_dagrun for dataset_consumes_1_and_2 to None, run_after=None
[2026-08-12T04:46:04.959+0000] {logging_mixin.py:190} INFO - [2026-08-12T04:46:04.959+0000] {dag.py:4138} INFO - Setting next_dagrun for dataset_consumes_1_never_scheduled to None, run_after=None
[2026-08-12T04:46:04.962+0000] {logging_mixin.py:190} INFO - [2026-08-12T04:46:04.961+0000] {dag.py:4138} INFO - Setting next_dagrun for dataset_consumes_unknown_never_scheduled to None, run_after=None
[2026-08-12T04:46:04.965+0000] {logging_mixin.py:190} INFO - [2026-08-12T04:46:04.964+0000] {dag.py:4138} INFO - Setting next_dagrun for dataset_produces_1 to 2026-08-11 00:00:00+00:00, run_after=2026-08-12 00:00:00+00:00
[2026-08-12T04:46:04.966+0000] {logging_mixin.py:190} INFO - [2026-08-12T04:46:04.966+0000] {dag.py:4138} INFO - Setting next_dagrun for dataset_produces_2 to None, run_after=None
[2026-08-12T04:46:05.004+0000] {processor.py:208} INFO - Processing /home/airflow/.local/lib/python3.12/site-packages/airflow/example_dags/example_datasets.py took 0.302 seconds
[2026-08-12T04:46:35.265+0000] {processor.py:186} INFO - Started process (PID=1685) to work on /home/airflow/.local/lib/python3.12/site-packages/airflow/example_dags/example_datasets.py
[2026-08-12T04:46:35.267+0000] {processor.py:914} INFO - Processing file /home/airflow/.local/lib/python3.12/site-packages/airflow/example_dags/example_datasets.py for tasks to queue
[2026-08-12T04:46:35.271+0000] {logging_mixin.py:190} INFO - [2026-08-12T04:46:35.270+0000] {dagbag.py:587} INFO - Filling up the DagBag from /home/airflow/.local/lib/python3.12/site-packages/airflow/example_dags/example_datasets.py
[2026-08-12T04:46:35.412+0000] {processor.py:925} INFO - DAG(s) 'consume_1_and_2_with_dataset_expressions', 'conditional_dataset_and_time_based_timetable', 'dataset_produces_2', 'dataset_produces_1', 'dataset_consumes_1_and_2', 'dataset_consumes_1_never_scheduled', 'consume_1_or_both_2_and_3_with_dataset_expressions', 'dataset_consumes_unknown_never_scheduled', 'consume_1_or_2_with_dataset_expressions', 'dataset_consumes_1' retrieved from /home/airflow/.local/lib/python3.12/site-packages/airflow/example_dags/example_datasets.py
[2026-08-12T04:46:35.453+0000] {logging_mixin.py:190} INFO - [2026-08-12T04:46:35.453+0000] {dag.py:3211} INFO - Sync 10 DAGs
[2026-08-12T04:46:35.490+0000] {logging_mixin.py:190} INFO - [2026-08-12T04:46:35.490+0000] {dag.py:4138} INFO - Setting next_dagrun for conditional_dataset_and_time_based_timetable to 2026-08-12 01:00:00+00:00, run_after=2026-08-12 01:00:00+00:00
[2026-08-12T04:46:35.510+0000] {logging_mixin.py:190} INFO - [2026-08-12T04:46:35.510+0000] {dag.py:4138} INFO - Setting next_dagrun for consume_1_and_2_with_dataset_expressions to None, run_after=None
[2026-08-12T04:46:35.514+0000] {logging_mixin.py:190} INFO - [2026-08-12T04:46:35.514+0000] {dag.py:4138} INFO - Setting next_dagrun for consume_1_or_2_with_dataset_expressions to None, run_after=None
[2026-08-12T04:46:35.517+0000] {logging_mixin.py:190} INFO - [2026-08-12T04:46:35.517+0000] {dag.py:4138} INFO - Setting next_dagrun for consume_1_or_both_2_and_3_with_dataset_expressions to None, run_after=None
[2026-08-12T04:46:35.520+0000] {logging_mixin.py:190} INFO - [2026-08-12T04:46:35.520+0000] {dag.py:4138} INFO - Setting next_dagrun for dataset_consumes_1 to None, run_after=None
[2026-08-12T04:46:35.523+0000] {logging_mixin.py:190} INFO - [2026-08-12T04:46:35.522+0000] {dag.py:4138} INFO - Setting next_dagrun for dataset_consumes_1_and_2 to None, run_after=None
[2026-08-12T04:46:35.525+0000] {logging_mixin.py:190} INFO - [2026-08-12T04:46:35.524+0000] {dag.py:4138} INFO - Setting next_dagrun for dataset_consumes_1_never_scheduled to None, run_after=None
[2026-08-12T04:46:35.527+0000] {logging_mixin.py:190} INFO - [2026-08-12T04:46:35.527+0000] {dag.py:4138} INFO - Setting next_dagrun for dataset_consumes_unknown_never_scheduled to None, run_after=None
[2026-08-12T04:46:35.531+0000] {logging_mixin.py:190} INFO - [2026-08-12T04:46:35.531+0000] {dag.py:4138} INFO - Setting next_dagrun for dataset_produces_1 to 2026-08-11 00:00:00+00:00, run_after=2026-08-12 00:00:00+00:00
[2026-08-12T04:46:35.534+0000] {logging_mixin.py:190} INFO - [2026-08-12T04:46:35.534+0000] {dag.py:4138} INFO - Setting next_dagrun for dataset_produces_2 to None, run_after=None
[2026-08-12T04:46:35.574+0000] {processor.py:208} INFO - Processing /home/airflow/.local/lib/python3.12/site-packages/airflow/example_dags/example_datasets.py took 0.315 seconds
[2026-08-12T04:47:05.893+0000] {processor.py:186} INFO - Started process (PID=1747) to work on /home/airflow/.local/lib/python3.12/site-packages/airflow/example_dags/example_datasets.py
[2026-08-12T04:47:05.895+0000] {processor.py:914} INFO - Processing file /home/airflow/.local/lib/python3.12/site-packages/airflow/example_dags/example_datasets.py for tasks to queue
[2026-08-12T04:47:05.899+0000] {logging_mixin.py:190} INFO - [2026-08-12T04:47:05.899+0000] {dagbag.py:587} INFO - Filling up the DagBag from /home/airflow/.local/lib/python3.12/site-packages/airflow/example_dags/example_datasets.py
[2026-08-12T04:47:06.050+0000] {processor.py:925} INFO - DAG(s) 'dataset_consumes_1_never_scheduled', 'dataset_consumes_1_and_2', 'dataset_produces_1', 'conditional_dataset_and_time_based_timetable', 'dataset_produces_2', 'consume_1_or_2_with_dataset_expressions', 'dataset_consumes_1', 'consume_1_or_both_2_and_3_with_dataset_expressions', 'dataset_consumes_unknown_never_scheduled', 'consume_1_and_2_with_dataset_expressions' retrieved from /home/airflow/.local/lib/python3.12/site-packages/airflow/example_dags/example_datasets.py
[2026-08-12T04:47:06.088+0000] {logging_mixin.py:190} INFO - [2026-08-12T04:47:06.088+0000] {dag.py:3211} INFO - Sync 10 DAGs
[2026-08-12T04:47:06.116+0000] {logging_mixin.py:190} INFO - [2026-08-12T04:47:06.116+0000] {dag.py:4138} INFO - Setting next_dagrun for conditional_dataset_and_time_based_timetable to 2026-08-12 01:00:00+00:00, run_after=2026-08-12 01:00:00+00:00
[2026-08-12T04:47:06.120+0000] {logging_mixin.py:190} INFO - [2026-08-12T04:47:06.120+0000] {dag.py:4138} INFO - Setting next_dagrun for consume_1_and_2_with_dataset_expressions to None, run_after=None
[2026-08-12T04:47:06.123+0000] {logging_mixin.py:190} INFO - [2026-08-12T04:47:06.122+0000] {dag.py:4138} INFO - Setting next_dagrun for consume_1_or_2_with_dataset_expressions to None, run_after=None
[2026-08-12T04:47:06.125+0000] {logging_mixin.py:190} INFO - [2026-08-12T04:47:06.125+0000] {dag.py:4138} INFO - Setting next_dagrun for consume_1_or_both_2_and_3_with_dataset_expressions to None, run_after=None
[2026-08-12T04:47:06.128+0000] {logging_mixin.py:190} INFO - [2026-08-12T04:47:06.128+0000] {dag.py:4138} INFO - Setting next_dagrun for dataset_consumes_1 to None, run_after=None
[2026-08-12T04:47:06.131+0000] {logging_mixin.py:190} INFO - [2026-08-12T04:47:06.131+0000] {dag.py:4138} INFO - Setting next_dagrun for dataset_consumes_1_and_2 to None, run_after=None
[2026-08-12T04:47:06.134+0000] {logging_mixin.py:190} INFO - [2026-08-12T04:47:06.133+0000] {dag.py:4138} INFO - Setting next_dagrun for dataset_consumes_1_never_scheduled to None, run_after=None
[2026-08-12T04:47:06.136+0000] {logging_mixin.py:190} INFO - [2026-08-12T04:47:06.136+0000] {dag.py:4138} INFO - Setting next_dagrun for dataset_consumes_unknown_never_scheduled to None, run_after=None
[2026-08-12T04:47:06.139+0000] {logging_mixin.py:190} INFO - [2026-08-12T04:47:06.138+0000] {dag.py:4138} INFO - Setting next_dagrun for dataset_produces_1 to 2026-08-11 00:00:00+00:00, run_after=2026-08-12 00:00:00+00:00
[2026-08-12T04:47:06.141+0000] {logging_mixin.py:190} INFO - [2026-08-12T04:47:06.141+0000] {dag.py:4138} INFO - Setting next_dagrun for dataset_produces_2 to None, run_after=None
[2026-08-12T04:47:06.175+0000] {processor.py:208} INFO - Processing /home/airflow/.local/lib/python3.12/site-packages/airflow/example_dags/example_datasets.py took 0.287 seconds
[2026-08-12T04:47:36.245+0000] {processor.py:186} INFO - Started process (PID=1809) to work on /home/airflow/.local/lib/python3.12/site-packages/airflow/example_dags/example_datasets.py
[2026-08-12T04:47:36.247+0000] {processor.py:914} INFO - Processing file /home/airflow/.local/lib/python3.12/site-packages/airflow/example_dags/example_datasets.py for tasks to queue
[2026-08-12T04:47:36.250+0000] {logging_mixin.py:190} INFO - [2026-08-12T04:47:36.249+0000] {dagbag.py:587} INFO - Filling up the DagBag from /home/airflow/.local/lib/python3.12/site-packages/airflow/example_dags/example_datasets.py
[2026-08-12T04:47:36.459+0000] {processor.py:925} INFO - DAG(s) 'consume_1_and_2_with_dataset_expressions', 'consume_1_or_both_2_and_3_with_dataset_expressions', 'dataset_consumes_1_and_2', 'consume_1_or_2_with_dataset_expressions', 'dataset_consumes_1', 'dataset_produces_1', 'conditional_dataset_and_time_based_timetable', 'dataset_consumes_1_never_scheduled', 'dataset_consumes_unknown_never_scheduled', 'dataset_produces_2' retrieved from /home/airflow/.local/lib/python3.12/site-packages/airflow/example_dags/example_datasets.py
[2026-08-12T04:47:36.519+0000] {logging_mixin.py:190} INFO - [2026-08-12T04:47:36.518+0000] {dag.py:3211} INFO - Sync 10 DAGs
[2026-08-12T04:47:36.548+0000] {logging_mixin.py:190} INFO - [2026-08-12T04:47:36.548+0000] {dag.py:4138} INFO - Setting next_dagrun for conditional_dataset_and_time_based_timetable to 2026-08-12 01:00:00+00:00, run_after=2026-08-12 01:00:00+00:00
[2026-08-12T04:47:36.553+0000] {logging_mixin.py:190} INFO - [2026-08-12T04:47:36.553+0000] {dag.py:4138} INFO - Setting next_dagrun for consume_1_and_2_with_dataset_expressions to None, run_after=None
[2026-08-12T04:47:36.794+0000] {logging_mixin.py:190} INFO - [2026-08-12T04:47:36.793+0000] {dag.py:4138} INFO - Setting next_dagrun for consume_1_or_2_with_dataset_expressions to None, run_after=None
[2026-08-12T04:47:36.797+0000] {logging_mixin.py:190} INFO - [2026-08-12T04:47:36.796+0000] {dag.py:4138} INFO - Setting next_dagrun for consume_1_or_both_2_and_3_with_dataset_expressions to None, run_after=None
[2026-08-12T04:47:36.799+0000] {logging_mixin.py:190} INFO - [2026-08-12T04:47:36.799+0000] {dag.py:4138} INFO - Setting next_dagrun for dataset_consumes_1 to None, run_after=None
[2026-08-12T04:47:36.802+0000] {logging_mixin.py:190} INFO - [2026-08-12T04:47:36.801+0000] {dag.py:4138} INFO - Setting next_dagrun for dataset_consumes_1_and_2 to None, run_after=None
[2026-08-12T04:47:36.804+0000] {logging_mixin.py:190} INFO - [2026-08-12T04:47:36.804+0000] {dag.py:4138} INFO - Setting next_dagrun for dataset_consumes_1_never_scheduled to None, run_after=None
[2026-08-12T04:47:36.806+0000] {logging_mixin.py:190} INFO - [2026-08-12T04:47:36.806+0000] {dag.py:4138} INFO - Setting next_dagrun for dataset_consumes_unknown_never_scheduled to None, run_after=None
[2026-08-12T04:47:36.808+0000] {logging_mixin.py:190} INFO - [2026-08-12T04:47:36.808+0000] {dag.py:4138} INFO - Setting next_dagrun for dataset_produces_1 to 2026-08-11 00:00:00+00:00, run_after=2026-08-12 00:00:00+00:00
[2026-08-12T04:47:36.810+0000] {logging_mixin.py:190} INFO - [2026-08-12T04:47:36.810+0000] {dag.py:4138} INFO - Setting next_dagrun for dataset_produces_2 to None, run_after=None
[2026-08-12T04:47:36.870+0000] {processor.py:208} INFO - Processing /home/airflow/.local/lib/python3.12/site-packages/airflow/example_dags/example_datasets.py took 0.631 seconds
[2026-08-12T04:48:07.067+0000] {processor.py:186} INFO - Started process (PID=1871) to work on /home/airflow/.local/lib/python3.12/site-packages/airflow/example_dags/example_datasets.py
[2026-08-12T04:48:07.069+0000] {processor.py:914} INFO - Processing file /home/airflow/.local/lib/python3.12/site-packages/airflow/example_dags/example_datasets.py for tasks to queue
[2026-08-12T04:48:07.071+0000] {logging_mixin.py:190} INFO - [2026-08-12T04:48:07.071+0000] {dagbag.py:587} INFO - Filling up the DagBag from /home/airflow/.local/lib/python3.12/site-packages/airflow/example_dags/example_datasets.py
[2026-08-12T04:48:07.206+0000] {processor.py:925} INFO - DAG(s) 'conditional_dataset_and_time_based_timetable', 'consume_1_and_2_with_dataset_expressions', 'dataset_consumes_1_and_2', 'dataset_consumes_1_never_scheduled', 'dataset_produces_2', 'dataset_produces_1', 'consume_1_or_2_with_dataset_expressions', 'consume_1_or_both_2_and_3_with_dataset_expressions', 'dataset_consumes_1', 'dataset_consumes_unknown_never_scheduled' retrieved from /home/airflow/.local/lib/python3.12/site-packages/airflow/example_dags/example_datasets.py
[2026-08-12T04:48:07.245+0000] {logging_mixin.py:190} INFO - [2026-08-12T04:48:07.244+0000] {dag.py:3211} INFO - Sync 10 DAGs
[2026-08-12T04:48:07.270+0000] {logging_mixin.py:190} INFO - [2026-08-12T04:48:07.270+0000] {dag.py:4138} INFO - Setting next_dagrun for conditional_dataset_and_time_based_timetable to 2026-08-12 01:00:00+00:00, run_after=2026-08-12 01:00:00+00:00
[2026-08-12T04:48:07.274+0000] {logging_mixin.py:190} INFO - [2026-08-12T04:48:07.274+0000] {dag.py:4138} INFO - Setting next_dagrun for consume_1_and_2_with_dataset_expressions to None, run_after=None
[2026-08-12T04:48:07.277+0000] {logging_mixin.py:190} INFO - [2026-08-12T04:48:07.277+0000] {dag.py:4138} INFO - Setting next_dagrun for consume_1_or_2_with_dataset_expressions to None, run_after=None
[2026-08-12T04:48:07.279+0000] {logging_mixin.py:190} INFO - [2026-08-12T04:48:07.279+0000] {dag.py:4138} INFO - Setting next_dagrun for consume_1_or_both_2_and_3_with_dataset_expressions to None, run_after=None
[2026-08-12T04:48:07.282+0000] {logging_mixin.py:190} INFO - [2026-08-12T04:48:07.282+0000] {dag.py:4138} INFO - Setting next_dagrun for dataset_consumes_1 to None, run_after=None
[2026-08-12T04:48:07.284+0000] {logging_mixin.py:190} INFO - [2026-08-12T04:48:07.284+0000] {dag.py:4138} INFO - Setting next_dagrun for dataset_consumes_1_and_2 to None, run_after=None
[2026-08-12T04:48:07.286+0000] {logging_mixin.py:190} INFO - [2026-08-12T04:48:07.286+0000] {dag.py:4138} INFO - Setting next_dagrun for dataset_consumes_1_never_scheduled to None, run_after=None
[2026-08-12T04:48:07.288+0000] {logging_mixin.py:190} INFO - [2026-08-12T04:48:07.288+0000] {dag.py:4138} INFO - Setting next_dagrun for dataset_consumes_unknown_never_scheduled to None, run_after=None
[2026-08-12T04:48:07.291+0000] {logging_mixin.py:190} INFO - [2026-08-12T04:48:07.291+0000] {dag.py:4138} INFO - Setting next_dagrun for dataset_produces_1 to 2026-08-11 00:00:00+00:00, run_after=2026-08-12 00:00:00+00:00
[2026-08-12T04:48:07.293+0000] {logging_mixin.py:190} INFO - [2026-08-12T04:48:07.293+0000] {dag.py:4138} INFO - Setting next_dagrun for dataset_produces_2 to None, run_after=None
[2026-08-12T04:48:07.516+0000] {processor.py:208} INFO - Processing /home/airflow/.local/lib/python3.12/site-packages/airflow/example_dags/example_datasets.py took 0.454 seconds
